"X1","X2","X3","X4","X5","X6","X7","X8","X9","X10","X11","X12","X13","X14","X15","X16","X17","X18","X19","X20","X21","X22","X23","X24","X25","X26","X27","X28","X29","X30","X31","X32","X33","X34","X35","X36","X37","X38","X39","X40","X41","X42","X43","X44","X45","X46","X47","X48","X49","X50","X51","X52","X53","X54","X55","X56","X57","X58","X59","X60","X61","X62","X63","X64","X65","X66","X67","X68","X69","X70","X71","X72","X73","X74","X75","X76","X77","X78","X79","X80","X81","X82","X83","X84","X85","X86","X87","X88","X89","X90","X91","X92","X93","X94","X95","X96","X97","X98","X99","X100"
1.33443978131748,0,0,0.0372643455287364,0,0,0,0.0913006063305767,0,0,0,0,-0.0111449456780934,0,0.0380603403825078,0,0,0.0144505792076503,0,0.0201112142485626,0,0,0.0178585246318027,0,0,0.011136109469501,-0.247866371460838,0,0,0,0,0.000792257205395105,0.0682263332183706,0,0,0,0,0,0,-0.256414174055639,0.0734546154769889,-0.0609694989235863,-0.0750791621326781,-0.0143011744667533,0,0.27254265231653,0,0,0.229238570999624,0.0265258161848857,-0.0706844986501081,0,0,0,-0.138946739587359,0,0,0,0,0,0,-0.0357693143698766,0.0349715906819584,0,0,-0.0559111356365536,0,0,0,-0.0707336040683955,0,0,0,0,0,0,0,0,0,0,0,0,-0.0448865251006236,0,0,0,0,0,0,-0.116405438043623,0,0,0,0,0,0,0,0,0,0
0,1.16610392262368,0,0,0,0,0,0,0.00610596318585617,0.0398639694604538,0,0,-0.221089084253121,0,0,-0.0371106930553685,0,-0.0416620543649921,-0.00525632417955709,0.0215694998900013,0,0,0,-0.0198570208550342,0,0.0636519448904709,-0.124684313437159,0,0,0,0,0,0,-0.0254474678925385,0.0296347671292338,0,0,0,0,0,0,-0.0640555271729869,0.0345251037578723,0,0,0,-0.0598491395240244,0,-0.150799949628921,-0.0456402350750192,0.0676872608010128,0,0.126510583837711,0,0,0,0,0,0.133385843036973,0,0,0,0,0,-0.0107410844388131,0,0,0,0.0033442717855623,0,0.0135275708729448,0,0,0,0,0,-0.0192505804741716,-0.00645989106297172,0.0290180234228413,0,0,0,0,0,0,0.0408924362173177,0.0644703891030577,0,0,0,0,0,0,0,0,0.00746266903545503,0,-0.0949747278894358,0,0
0,0,1.53032664858349,0,0,0,0,0,0.0877172010876899,0,0,0,-0.0811037546419598,-0.0297522831438329,0,0,0.0165973340397946,0.118219712044396,0,0,0,0,0,0,0,-0.0554772602441462,0,0,-0.0687782237501561,0.0629338444422299,0,0.136139820540306,0,0,0,0,0,0,0,0,0,-0.227382721875568,0,0,0,0.358500145754887,0,0.00582986816847644,0,0,-0.0553788472542136,0,-0.00235577916372218,0,0,0,0.112224474550999,-0.179394801575589,0,0,0,-0.0557578706270124,0,0,0,0.0450624497269848,0.115061210117135,-0.0274323480448771,0.0125895362175503,0,-0.105169181648256,0.139500519653766,0.00852088548319655,0,0.25600464978109,-0.046473572823988,0,-0.376543315750984,0,0,0,0,0,0,0,0,0,0,-0.0711184755895649,0,0,0,-0.103613042460133,-0.0916458511090272,0,0,0.115799278254775,0,0.0181850457125161,-0.0293186852387046
0.0372643455287364,0,0,1.19741660719156,0,0,-0.0580376733203238,0,0,0,0,0,0,0,-0.116676819065762,0,-0.0400847813810436,0,0,0,0.0444823131675042,0.0343841617521751,0,0,0,0,0,0,0,0.0449485120333761,0,0,-0.0066624613826055,0,-0.0477022281538059,0,0,0,0,0,0,0,0,0,-0.138645331685127,0,0,0,0,-0.117522118414905,0.0579795549092342,0,0,0,0,0,-0.140204219500119,0,0,0,-0.227628951482675,0,0,0,0.0140910734300676,0,-0.0244153631485767,0,-0.0887458185191843,0,0,0,-0.0841439627429332,0,0,-0.0251945840892187,0,0,0,-0.0447118787559281,-0.0144443405350259,-0.053690520506645,0,0,-0.0416205679460636,0,0,0,0,0,0,0.00988455712882695,0,0,-0.188367234175259,-0.0946893413341126,-0.00344918417391649,0,-0.0139677931671514,0
0,0,0,0,1.20824375940195,-0.170409783247613,0,0,0,-0.0473977722200024,0,0,0,-0.0145665624106151,0.0177531604598786,0,0,0,0.0420176187408736,0,0,-0.00188175959017756,0,0.0145549297063154,-0.0472398814357577,0,0,-0.0401032057779691,-0.234187890177753,0,0,0.0213176872653275,0,0.0363299714152488,0,0.0128337580101418,0,0.0062010041482109,0,0.0343504082591893,0,-0.132078975089392,0,0,0,0,-0.0219173640182809,0,-0.0852606754267405,0,0,0,0,0.0401841347323439,-0.0740097099613451,0,0,0,-0.0123740418556902,0,0,0,-0.061671327868994,0,0,-0.0250374927617373,-0.130361953069771,0,-0.107704714712657,0,0,0,0,0.0437386727772481,0,0,-0.023518797297484,-0.0172425911645216,0,0,0,0,-0.108291906767232,0.074209537267548,0,0,0,-0.024480759970528,0,0,0,0,0.0245840350763905,-0.040711777436339,0,0,0,0.0966281826580112,-0.0269516652854042,0
0,0,0,0,-0.170409783247613,1.21745457617655,0,0,0,0.0264071017042456,0,0,0,0,0,0,0,0,0,-0.031622433412365,-0.0239358787494772,0,0,-0.0238926713390949,0,0,-0.0921838581695077,0,0,0,0,0.035219136816861,0,0.0255724307347148,0.070759888724133,0,0,0,-0.160019493229024,0,0,0,-0.0714902733717787,0,0,-0.0217058335963967,-0.0336218310862239,0,0,0,0,0,0,0.106947933769197,0,-0.228870367748516,0,-0.0298053190455456,0,0,0,0.0179295728422518,0,0,0,0,0,0,0,0,0,0,0,0.0964241132273013,0.00700210072002416,-0.180757559262108,0,0.0602378819774399,0,0,0,0.0336249244062197,0,0.0365599859192824,0,0,0,0,0,0,0,0,0,0,0,-0.0190023993790752,0,0.0923230368611386,0,-0.0748985121649279
0,0,0,-0.0580376733203238,0,0,1.20057880335518,0.0790085420562775,-0.0706311839127306,0.000623761974326695,0,0,0,0,0,0,0.208840448580048,0,0,0,0.0189739497642459,0,0,0,0,0,-0.0347292346002345,0.0389017132340012,0.0372030564984375,0,0,0,0,0,-0.049304355449958,0,0,0,0.0746148601203218,0,0,0,-0.0605631584645007,0,-0.0895681048762285,0,0,0,0,0,0,-0.029583418293607,0,-0.0236038315106863,0.0453938243651228,-0.0108976472517635,0,0,0,0,-0.0292168335445905,-0.00866484615964335,0.15180111512493,0,0,0,-0.0519500397495764,0,0,-0.0736116170811694,-0.103273058313085,0,0,0,-0.07544015130005,0,0,0,0,0,-0.112332632503914,0,0,-0.0627400617369215,0,0,0,-0.0844375763220192,0,0,0.0135805138120683,0,0,0,0,0,0,-0.147612095697138,0,-0.0115654309835288
0.0913006063305767,0,0,0,0,0,0.0790085420562775,1.34722397767194,0,0,0,0,0,0,0,-0.0288824852620426,0.0100824366683074,0.133420325654794,0.0190416780148568,-0.0635892667601102,0,-0.00978265151674568,0.0170986791573634,0.0312339540823089,0,0,0,0,0,-0.259069232855619,0,0.119547652410498,0,0,0,0.164211779764359,0.128071369434571,0,0,0,0,0,0.1419312466426,0,0,0,-0.0715890973825964,-0.0663328236525732,0.0312221633396222,0,-0.0022930925111929,-0.00469209849527077,0,0,0,-0.00547347221134607,0,0,0,-0.0234954639707843,0,0.0342295764028258,-0.0311038829956642,0.0390357700274661,0,0.141209561442069,0,-0.0851618625109172,0,0,0,-0.0604162732587321,-0.0146825007716667,0,0.156709100688936,0,0.000997077230658477,0,0.0459122578453652,0,0.0320771916566996,0,0.00477237937080614,0,0,0,0.0298446928136413,0,0,0.109478318834428,0,0.00103323665117929,0.121654237388076,0.12752155218167,0,0,0,0,0,0.0282352012836158
0,0.00610596318585617,0.0877172010876899,0,0,0,-0.0706311839127306,0,1.22254008738337,0,0,0,0,0.0560812264684313,0,0.103325374131855,0,0,-0.0244914312142193,0,0.040450951849376,0,0.172003346629021,0,0,0.0477630431010239,0.0598336728758504,0,0,0,0,0.0890831330683526,0,-0.0439183088766691,0,-0.103864465005776,0,0,0,0,0,0,-0.264300846525016,-0.100877816870389,0,-0.0364094893691274,0,0,0,0,-0.0077429869193938,0,0,0,0,0,-0.0357950531051404,-0.0121053012300758,0,0,0,0,0,-0.0268957454265632,0,0,0.0144663505436269,0,0,0,0,-0.0351176430853334,-0.00881745536315665,0,0,0,0.0218234251643251,0.0412430374537909,-0.0452607551309709,-0.012202090904302,0,0.116428166337155,0,0,0,0,-0.0636090820832156,0,0,0,-0.0295667849039002,0,0,0,0.0189621695071603,0,-0.0427857809099687,0,0,-0.0292367715269523
0,0.0398639694604538,0,0,-0.0473977722200024,0.0264071017042456,0.000623761974326695,0,0,1.17317882838221,0.00293694802950589,0,0,0,-0.0197639505328852,0,-0.108659136365675,0,0,0,0,0.0184876444427843,0,0,-0.043019525411189,-0.0775016859368647,0,0,0,0,0,-0.0184509819084097,0.023887588398239,0,-0.0283880342174699,0,-0.00197886895874355,-0.0312385292175042,0.296257222271913,0,0,0.000775740768991339,0,0,0,0,-0.0833265242912484,0,-0.0246058120454256,0,0,0,0,0,0,0,0,0,0,-0.000152461091023298,0.0534335951041953,0,0,0,0,-0.0866105778408197,0,0,0,0,0,0,0,0,0,0,0,-0.0822537262361423,-0.0668189521767175,0,0.0164665983020307,-0.081679817945717,0,-0.030776077895289,0,0,-0.0441155711742644,-0.00554015214210407,0,0,0,-0.156425282697942,0,0.0226679759905505,0.119304512316263,0,0,0,0,0
0,0,0,0,0,0,0,0,0,0.00293694802950589,1.27857252774188,-0.0136849093853265,-0.159326442166855,-0.0791905983366578,0,0,-0.0676910543569621,0,-0.0180542086192038,0,0,0,0,0,0,-0.00244709791420837,0,0,-0.0311422931243826,0,0,0.0487837264712086,0.00600481349338239,0,0,0.157903718545631,-0.0725970247657294,0.0451187098988622,0.00897848718252358,-0.0431296452723638,0,0,0,0.135390412502056,-0.00558872133561903,-0.211801841095955,0,0,-0.0177077209673534,0,0,-0.143656620407068,0.0781148142491166,0,0,0.0627824545529854,0,0,0,-0.0200137553638986,-0.067385678933981,0,-0.0031092702648087,0,0,0,0,0,-0.0646056208792311,0,-0.0220682071630005,0,0,0,0,0,0.0271688685581544,0,0,0.000643641543028121,0,0,0,0,0,-0.0528149679067065,0,0,0,0,-0.149096269493617,0.157879896501467,0,-0.220840848774497,0,0,0,0,0,0
0,0,0,0,0,0,0,0,0,0,-0.0136849093853265,1.16980719242823,0,0,0,0,0,-6.31280532035406e-05,0,-0.0450520923942934,0.000460206272557211,0,-0.0429234563101202,0,-0.0299074287608341,0,0,0,0,-0.0952216532761978,-0.00520107518913359,0,-0.00674439826837103,0.034523018307497,-0.264300818004492,0,0.100292172351814,0,0,-0.0311897856531357,0,0,0,0.0307716520060279,0,0,0,0.020705815498802,0,0,0,0,-0.0221392085208599,-0.0710574991380696,0,0.0951322458004786,0,0,0,0,0,-0.0712649598551193,0,0,0,0.038629883226875,0,0,0,0.0822424981889154,-0.0298778645594107,0,0.0305050818291663,0,0,0.151863789481214,0,0,0,-0.0350774039026796,0,0,0,0,0,0,-0.0304137733509017,0,0,0,0,0.0555092189957478,0,0,-0.0894207390639958,0,0,0,0,0
-0.0111449456780934,-0.221089084253121,-0.0811037546419598,0,0,0,0,0,0,0,-0.159326442166855,0,1.21182694132304,0,-0.0854898421981436,0,0,0,-0.125568027876982,0,0,-0.112001152508619,0.0191277246763044,0,0,0,0,0,0.0379148388491082,0,0,0,0,0,0,0,0,0,0.0303670315838448,0,0,-0.0530523731015596,0.0815808258205778,0,0,0,0,0,-0.0804335496848738,0,0,0,-0.0210106070068079,0.0079506697709425,0,0,0,0,-0.0100529065490073,-0.0212048031551491,0,0,0,0,0,-0.0178147076977747,0,-0.0139667119668598,0,0,0,0,0,0,-0.123249649797108,0,0,-0.0250045475554484,-0.00497927007597675,0,0.0594344340039145,0,-0.142999954601577,-0.0699762725338471,0,0,0,0,0.0267307824989298,0.106549448299329,0,0,-0.105543545183726,0,0,-0.119983370690763,0,0,0.0558647909672323,0
0,0,-0.0297522831438329,0,-0.0145665624106151,0,0,0,0.0560812264684313,0,-0.0791905983366578,0,0,1.16445127964404,0,0,0,-0.0630084835034428,0,0.00564808886839484,0,-0.135989284088433,0,0,0.0260149464069938,-0.0445392061806523,0,0,-0.0571947683990681,0,0,0,0,0,0,0,0,0,-0.148125635427605,0,-0.000893456308514152,0,0,0,0.039666937535282,0.0016846249817509,0,0,0.118146505974,0,-0.00501233596371154,0,0,0,0,0.040674123361129,-0.00161018165472445,0,0,0,-0.0161782152632105,-0.0110776454783345,0,0,0,0,0,0,0,0,0,0,0,0,0.190776417036911,0,0,0,0.0971869958748484,0.024926933976858,0.0407855069817642,-0.139919235183702,-0.0466082217861316,0,0,0,-0.118246020543551,0,0,0.0955478868547973,-0.026536668872011,0,0,0,0,-0.0354163478496866,0,0,0,0
0.0380603403825078,0,0,-0.116676819065762,0.0177531604598786,0,0,0,0,-0.0197639505328852,0,0,-0.0854898421981436,0,1.37553975516913,0,0,0,0,0,0,0,0,0,0,0,0.197394062751974,0,0,-0.058023379909268,0,-0.070465904729983,0,0,-0.024161131529982,0,0,0,0,0.125288810030101,-0.0223438136727042,0,-0.00778747567214506,0,0,0,0,0,0.227320867728342,0.10531150527812,0.0307614705113309,0,0,0.0200502894205799,0.0363695238146569,0,0,-0.106388365695337,0.0661746572226524,-0.0925907244520325,0,0,0,0,0,0,-0.00167271298216875,-0.0220488125070301,0.143239994842922,0,0,-0.0846483413583665,0.00181278006170408,-0.317765667070183,0,0,-0.09356202974344,0,-0.154757192447866,0,0,0.0960461041724534,0,0,-0.0458454021532582,0,0,0.135277407124384,0,0,0,0.0246110067670934,0,0,0.0558133802899905,-0.0704971718155582,0,0,0,0
0,-0.0371106930553685,0,0,0,0,0,-0.0288824852620426,0.103325374131855,0,0,0,0,0,0,1.11069211481745,0,0,0,0,0,-0.102453741403302,0,-0.0666329708075743,0,0.0216322094063605,0,0,0,-0.153710441491414,0,-0.0642471895205816,0,-0.000216933325858719,0,0,0,0.111020386828475,0,0,-0.0145619272066655,0,0,0,0,0,0.0280772574714821,-0.0574392652203718,0,0,0,0.0604324104674504,0,0,0,-0.00199384109893645,0,-0.116443336775932,0.0486038200705561,0,0,0,0,0.0270124680735702,0,0,0.0339820047066734,0,0,0,0.0343340579861806,0.0296905567631628,0,0,0,0,0,0,0,0,0,-0.0247900365756157,0,0,0,0,0,-0.0173046368515666,0,0,0,0,0,0,0,0,0,0,0,0.0753241133344544
0,0,0.0165973340397946,-0.0400847813810436,0,0,0.208840448580048,0.0100824366683074,0,-0.108659136365675,-0.0676910543569621,0,0,0,0,0,1.46386175597839,-0.203375289420715,-0.0272223143397943,0,0,0,0.0831394863324874,0,0,0,0,-0.00103114816386807,0,0.0750230511352791,-0.0682807765094309,0,0.00664736575504118,0,0,0,0,0,-0.128313895347046,-0.142333471791784,0,0.0543959341842714,-0.158597731597076,0.0141062952597258,-0.108436328308391,0,0,0,-0.0612353124438226,0,0,-0.0444801023547895,0,-0.0440977604912553,0,0.118889018528925,-0.00801763234726906,0,0,0,0,0,-0.102352698947256,0.208867032520705,0.054757707858867,0,0,0,-0.253167718392761,0.176801237452225,0,0,0,0,0,0.124113226011703,0,-0.0300367514014306,0,-0.0110977384275057,0,0,0.00443559160482225,0,0,-0.0790137720597996,0,0.0642871844093234,0,0,-0.164187945735919,0,0,0.0807210273068983,0,-0.0769262271225874,-0.186255963064686,0,0,0
0.0144505792076503,-0.0416620543649921,0.118219712044396,0,0,0,0,0.133420325654794,0,0,0,-6.31280532035406e-05,0,-0.0630084835034428,0,0,-0.203375289420715,1.18285955153839,0,-0.0383966263550431,0,0,0,-0.041177913361898,0,0.00583865184692675,0,0.00444056212443874,-0.0540597424904104,0,0,-0.0924206171793461,0,0,0.00111245275701563,-0.113395935697453,0,0,-0.00891777547424838,0.00203536414173576,-0.0534455994826604,0.055069074943745,0,0,0,0.0527310669891464,0,0,0,0,0,0,0,0,0,0,0,0,0,0,-0.0324112609564444,0,0,-0.116523829258707,0,0,0,0.012161907001222,0,0,0.000408721522273012,0,0,0,-0.106587918196776,0.0864643904954973,-0.031436132103873,-0.0177436874578265,0,0,0,0,-0.0637339287105899,0,0,0.135974414937944,0,0,0,0,0,-0.0520740562601276,0,0,0,0,0,0.00381094778415431,0,0.069420723780015
0,-0.00525632417955709,0,0,0.0420176187408736,0,0,0.0190416780148568,-0.0244914312142193,0,-0.0180542086192038,0,-0.125568027876982,0,0,0,-0.0272223143397943,0,1.13396187774437,0,0.0494414402976401,0,0,0,-0.00942985787237392,0,0.0147240864773585,0,0,0,0,0,0,0,0,0,-0.00686802438540525,0,0,0,-0.0139756607256416,0,0,0,-0.0395045296146157,0.0240183665399607,-0.0356777540776892,0,0,-0.145322680351953,0.0486493940303764,0,0,0,0,0.0674446455994765,0,0,0,-0.0560650032494313,0.101977372573189,0,0,-0.018430232618962,0,0,0.0128078846095156,-0.10482355024121,0,0,0,0,0,0,0.0812389187921729,-0.183275391576045,0,0,0,-0.00361806508922361,-0.029835617726543,0,0,0,0.0162409806286041,-0.0206335470076588,-0.0618565056460571,0,0,-0.0611907451592423,0,0,0,0,0,0,0,-0.0671630513747816,0,0
0.0201112142485626,0.0215694998900013,0,0,0,-0.031622433412365,0,-0.0635892667601102,0,0,0,-0.0450520923942934,0,0.00564808886839484,0,0,0,-0.0383966263550431,0,1.13812688720821,0,0,0,-0.0189631921676256,0,0.0660720333344177,-0.207247477161133,0,-0.00501371746198628,0,-0.0336167923393504,0,-0.0612375805803745,0,0,0,0,0,0,-0.0409333075435501,0,0,-0.0799768289670912,0.113626968792901,-0.0149341072261805,0,0,0,0.00770053070098804,0,0,-0.112882551287935,0,0,0,0,-0.0118091093280528,0,0,-0.00735779159685831,0,0,0,-0.00447275982496876,0.0815198472080924,0,-0.0537054465335047,0,-0.0124503307585281,0,0,0,-0.0892654062911673,0.0762371353709091,0,0,0,0.0117596042830682,-0.0271320283334752,0,0,0,0,0.0127777800775789,0,0,-0.109584778554036,-0.0589834844572053,0,0,0,-0.0108279772727317,0,0,0,0,0,0,0,0
0,0,0,0.0444823131675042,0,-0.0239358787494772,0.0189739497642459,0,0.040450951849376,0,0,0.000460206272557211,0,0,0,0,0,0,0.0494414402976401,0,1.08532424437452,0.0525565753887359,0,0,0,-0.0866188326010696,0.00487444710232815,0,0,0,0,0,0,0,0.114063475715361,0,0,0.000209196427733602,0,-0.0142041877890959,0,0,0.110691428251987,0,-0.0244099341003076,0,0,0,0,0.00504733039594607,0,-0.0241543842097151,0.0950728022639519,0,-0.0111904202838745,0,0,0,-0.0164636202437549,0,0,0,0,0,0,0,0,0,0,0.0863124030483041,0,0,0,0.0330903596382139,0,0,-0.00337088403510439,0,0.040128643632156,0,-0.0119077001654172,0,0,0,-0.00971198468522718,0,0,0,0,0.0913283078885746,0,0,0,0,0,0,0,0,0,0.068259215574399
0,0,0,0.0343841617521751,-0.00188175959017756,0,0,-0.00978265151674568,0,0.0184876444427843,0,0,-0.112001152508619,-0.135989284088433,0,-0.102453741403302,0,0,0,0,0.0525565753887359,1.18281637558971,0,0,0,0,0,0,0.0723834869812645,0,0,0.0710747150138379,0,0.138410778575992,0,0,0,0,0,0,-0.0499677167455883,0.0226194297555113,0,0,0,0.0429922315014408,0,0,0,-0.000239656653634029,-0.0856904674057033,0,-0.102155779971642,-0.0491386377323433,0,-0.132765624447345,0,0,0,0,0,0,-0.0312964098054861,0,0,0,0,-0.0461205814095727,0,0,0,-0.00688068992204734,-0.0875806533850392,0.128046996468592,-0.00278123352336497,0,0,0,0,0,0,0,-0.124043596237794,0.0512130537395598,0.0042783556435046,0,0,0,0,0,0,0,-0.0568471315689146,0,0,0,-0.127422033942987,-0.00993365510260408,0,0
0.0178585246318027,0,0,0,0,0,0,0.0170986791573634,0.172003346629021,0,0,-0.0429234563101202,0.0191277246763044,0,0,0,0.0831394863324874,0,0,0,0,0,1.11899588721779,0,0,-0.00816357682734951,0,0.0582163254994699,0,0,0,0,0,0,-0.044251268800774,0,0,-0.0439538629551131,0,0,0,0,0,0.0439614988034629,0,0,-0.0255793425732257,0,0,-0.0567289926760388,0,0,0,-0.0124756473557146,0,0,0,0,0,0.0469721537894255,0,0,0,0,0,0,-0.0788548479879427,0,-0.0220853586608405,0,0,0,0.119342972735176,0,0,-0.076047545946727,0,0.0896001533848211,0,0,0,0,-0.0467545901059347,0,0,0,0,0,0,0,0,-0.0143635983565707,-0.00121066995226194,-0.0276268454719044,-0.00435230586553947,0.158100500593733,0,0,0,0.0283578964404296
0,-0.0198570208550342,0,0,0.0145549297063154,-0.0238926713390949,0,0.0312339540823089,0,0,0,0,0,0,0,-0.0666329708075743,0,-0.041177913361898,0,-0.0189631921676256,0,0,0,1.22758830159467,0.116838874408301,0,0,0,0,0,0,0,0,0,0,-0.167350329255722,-0.0370763073499205,0,0,0,0,0,0,0,0.0271270802378717,0,0,0.11255948702631,0,0.126861236812007,0,0.120478781119671,0.139324795851318,0,0,0,0,-0.0955528022745847,0,0,0,0,-0.0832052930342611,-0.0524466252827204,0,-0.0134582949248165,0,0,0,0,0.087519051974544,0,0.0623493964871599,0.109250942149033,0.0651847083661841,-0.0644646089286171,0,-0.0634115194634846,0,0,0,-0.0144913826992592,-0.00395487305274671,0,0,0,0,0,0,0,0,0,0,0,0,0,0,0,0,0
0,0,0,0,-0.0472398814357577,0,0,0,0,-0.043019525411189,0,-0.0299074287608341,0,0.0260149464069938,0,0,0,0,-0.00942985787237392,0,0,0,0,0.116838874408301,1.16339173975603,-0.0758905327407123,0,0,0,-0.0426428888148906,0,-0.100583792019355,0,0,0,0.0257605600821696,0,0,0,0,0,0,0,0,0,0.0486170783528684,0,0,0,0,0,0.0639155330803996,0,0,-0.229624428995338,0,0,0,0,0,0,-0.0392583411554688,0,0.052643530464394,0,0.00690423268692825,0,0,0,0,-0.202383456561304,0,0,0,0,0,-0.0471546227958995,0,-0.0303794127636564,0.0420982421930827,0,0,0,-0.0501470647309245,0,0,0,0,0,0,-0.0238198218151011,0,0,0,0,0.00806262311281246,0,0,0,0
0.011136109469501,0.0636519448904709,-0.0554772602441462,0,0,0,0,0,0.0477630431010239,-0.0775016859368647,-0.00244709791420837,0,0,-0.0445392061806523,0,0.0216322094063605,0,0.00583865184692675,0,0.0660720333344177,-0.0866188326010696,0,-0.00816357682734951,0,-0.0758905327407123,1.31394404765873,-0.196084177701437,0,0,0,0.000265907286277303,-0.0155471584107998,0.106670537628477,0.0599286932140401,0,0,0,0,0,0,0.0245739708976058,0,0.0353145936228773,0,0,0,0.0605964653467101,0.0217440926429311,0,0.0450053587489328,0,-0.155276089820643,-0.0215004517996634,0,0,-0.0804808410885788,0.0155287771384713,0,0,0,0,-0.103940102551724,0,0,0,0,0,0,0,0,0,0,0,0,0,0,0,-0.0864840416944817,0,0,0,0,0.136956001170393,0,-0.196062951583866,0,0,0.00264952107931555,0.0387251649532517,0.204250471864281,-0.119323306526204,0,0,-0.144389422779609,0,0,-0.0367976816010182,0,0,0
-0.247866371460838,-0.124684313437159,0,0,0,-0.0921838581695077,-0.0347292346002345,0,0.0598336728758504,0,0,0,0,0,0.197394062751974,0,0,0,0.0147240864773585,-0.207247477161133,0.00487444710232815,0,0,0,0,-0.196084177701437,1.40802445939912,0,0,0.0320839768794458,-0.0345854843626558,0,0,0.0131735948873089,0.135821692409405,0,0,0,0.0115063913913858,0,0,0,0,0,0,0,-0.0174311138043534,0,0,0,0.186153988298202,-0.150742531993124,-0.0870566274449897,0,-0.0886109106082345,-0.212298082058055,0,0,0,0,-0.0733895692767584,-0.0515151758569196,0,0,0.00687790830227321,0,0,0.0562173311482113,-0.0454334935182499,-0.071086612582599,0,-0.00952913949599772,0,0,-0.0592504274228959,0,0.0137011701789885,0.00410381982727211,0,-0.00343220622841371,0,-0.0528158157385718,0.00129991303816572,0,0,0,0,0.0627250846727862,0.0348029191706294,0,0.00499281827266754,-0.00459823257044577,0,0,-0.0280317346555278,0.00610398904220842,0,0,0,-0.0397240400391623
0,0,0,0,-0.0401032057779691,0,0.0389017132340012,0,0,0,0,0,0,0,0,0,-0.00103114816386807,0.00444056212443874,0,0,0,0,0.0582163254994699,0,0,0,0,1.15732893262971,0.00770139010261721,0,0,0.0210078861472765,0.0353460365277637,0,0.0353454490031487,0,-0.0862081604642196,0,0,0,0,0.0115972173034865,0,-0.0632513750243456,0,-0.00242263860050626,0,0,0,0,-0.048534180178378,-0.04520315314586,-0.0104661416004368,-0.05509408573143,0,0.00928678064295459,0,0,0.0654289646534137,0,-0.0572652310924002,-0.0886046684749025,-0.0366158291120259,0,0,0,-0.0127724716852088,0.0381158006434552,0,0,0,0,0,0,0,0,0,-0.0466391043901999,0,0,0,0,0,0,0.110381224384813,-0.00348101863754919,-0.0338779483053603,0.0523020922754621,0,0,-0.00384036552574696,0.0126575462536147,0,-0.0188912606561523,0.064546810363761,0.120084335620612,0,-0.0145319660447492,0,-0.243043617507087
0,0,-0.0687782237501561,0,-0.234187890177753,0,0.0372030564984375,0,0,0,-0.0311422931243826,0,0.0379148388491082,-0.0571947683990681,0,0,0,-0.0540597424904104,0,-0.00501371746198628,0,0.0723834869812645,0,0,0,0,0,0.00770139010261721,1.20731609186091,-0.00165706308833348,-0.0381803290540679,0,0,0,0,0,0,0,0,0,0,0,0,0.246106857719976,0,0,0,0,0.0710825689783411,0.171491447994236,0,0,0.0295698056009223,0,-0.0932371630733462,0.0628566972824973,0,-0.0173397516863351,0,0,0,0.0956000172033705,0,0,0,0,0,-0.00999077874612835,-0.000916102412001495,0,-0.0872541710714776,0,0,0,0,0,0,0,0,0,0,0,0,0,0,0,0,0,0,0.0199228856105963,0,0,0,-0.0152174823291426,0,0,0.00807628508626996,0,-0.0302700492009942,-0.0617797783585771
0,0,0.0629338444422299,0.0449485120333761,0,0,0,-0.259069232855619,0,0,0,-0.0952216532761978,0,0,-0.058023379909268,-0.153710441491414,0.0750230511352791,0,0,0,0,0,0,0,-0.0426428888148906,0,0.0320839768794458,0,-0.00165706308833348,1.64936012242755,-0.299724622024225,0,0,0,-0.0282302450334968,0,0.23248105689004,-0.0579413894753457,0,0,0.0417570618782705,0,0,0.206231440035984,0,-0.15310960272154,0,0,0.0895743858329441,0.174074938471867,0,0,0,-0.12723113164665,-0.0143042795119508,0,0,0,0.106919879931444,0,0.126943557653811,0,0,0.0755112269333648,0,0,0,-0.0316668468717995,0,0,-0.0139980171284864,0,0,0,0,0,-0.0513999238917934,0,0,0,0,0,0,0,0,0.117228754814745,0.0892035956252736,0,0,0,0.359117105662656,0,0.0724515129713695,0,0,-0.205153628609744,0,0,0,0
0,0,0,0,0,0,0,0,0,0,0,-0.00520107518913359,0,0,0,0,-0.0682807765094309,0,0,-0.0336167923393504,0,0,0,0,0,0.000265907286277303,-0.0345854843626558,0,-0.0381803290540679,-0.299724622024225,1.22617669898483,0,0,0.0795205463990871,0.0701287447072493,0,0.0654631594981899,0,-0.127591377556859,0,0,0,0,0,0,0,-0.127153461968953,0,0,0,0.00100564303866753,-0.0384448231377822,-0.104183101001076,-0.123771658984196,0,-0.024137242254567,0.0074702634909067,0.00440092285950551,0,0,0,0,0,0,0,0,-0.0734763289829408,0,-0.0144508555377639,-0.000746057352823183,0,0,0,-0.112469735557784,0,0,-0.0583952436137721,0,0,0,0,0,0,0,0,0.0115702525546134,-0.00599991038069914,0,0,-0.00949505787763953,0,-0.0526558803270936,0.040728283322099,0.00404444351582455,0,0,0,0,0,-0.0301319860258088
0.000792257205395105,0,0.136139820540306,0,0.0213176872653275,0.035219136816861,0,0.119547652410498,0.0890831330683526,-0.0184509819084097,0.0487837264712086,0,0,0,-0.070465904729983,-0.0642471895205816,0,-0.0924206171793461,0,0,0,0.0710747150138379,0,0,-0.100583792019355,-0.0155471584107998,0,0.0210078861472765,0,0,0,1.2579862856885,0,0,0,0,0,0,0,0,0,0,0,0,0,0,0.0835825279260382,0,0,0,0.14021985657036,0.00543588200988075,0,0,0,0,0,0,0,0.0691572215320075,0,0,0,0,0.0650686289567559,0,0,0.0409207011212634,0,-0.0394339128117958,0,0,0,-0.0304468726423791,0,0,0,0,-0.0306976609564161,0,0.0341884175977015,0,0,0,-0.352923291017897,0,0,0,0,0.0263167909833273,0,0,0,0,-0.0232669393167066,-0.0840071964832513,0,0.00412967854443245,0,0.0333912467238538
0.0682263332183706,0,0,-0.0066624613826055,0,0,0,0,0,0.023887588398239,0.00600481349338239,-0.00674439826837103,0,0,0,0,0.00664736575504118,0,0,-0.0612375805803745,0,0,0,0,0,0.106670537628477,0,0.0353460365277637,0,0,0,0,1.16105626611237,0,0,-0.0219856429062043,0,0,0,0,0,0,0,0,0,0,-0.0373070607922431,-0.114498020822925,0.118413764680585,-0.1754053752306,0,0,0,0,0,0,-0.0488983522272062,-0.0354149890716622,0.0662028346962807,0,0,0,0.0242057608430055,0,0.0186358603960756,0,-0.0936111070613123,0,0,0,0,0,0,0,0.065712187622646,0,0,0,0,0.0413675505454791,-0.00944191359782125,0,0,-0.0252190275885247,0,0,0.117745830985215,0,0,0,0.0474796399019575,0,0,0,0,0.139497372534316,0,0,0,0
0,-0.0254474678925385,0,0,0.0363299714152488,0.0255724307347148,0,0,-0.0439183088766691,0,0,0.034523018307497,0,0,0,-0.000216933325858719,0,0,0,0,0,0.138410778575992,0,0,0,0.0599286932140401,0.0131735948873089,0,0,0,0.0795205463990871,0,0,1.21550578478602,-0.135224860591193,-0.0764729705054698,0,0,0,0,0,0,0.0276339328815392,-0.0945315230878922,0,0,0,-0.0603409421769058,0,0,0,0,0,0,0,0,0,-0.0460439324801756,0,-0.021678877412352,0,0.0290547089539033,-0.0044950700407171,0,0.0525690365768427,0,0,0,0.0379947290062978,-0.17793375273542,0,0,0.0426055297884748,0,0,0,0,-0.0233188339213242,0.0193587565684559,0.0389854790029174,0,0.0866987339631257,0,0,0,0,0.10600261743249,-0.0601639899813275,0,0,0,0,0.0503323088740508,0,-0.148789998793144,-0.138690328076468,0,0,0.0173617609817278,0.0690570596003561
0,0.0296347671292338,0,-0.0477022281538059,0,0.070759888724133,-0.049304355449958,0,0,-0.0283880342174699,0,-0.264300818004492,0,0,-0.024161131529982,0,0,0.00111245275701563,0,0,0.114063475715361,0,-0.044251268800774,0,0,0,0.135821692409405,0.0353454490031487,0,-0.0282302450334968,0.0701287447072493,0,0,-0.135224860591193,1.4824464571875,-0.229153194029904,0,0,0.0247131148116791,0,0,0,0,0,-0.0144605409824141,-0.119612258168081,0,0,0,0,-0.0983826182256824,0.0022648395496507,0.101969573244843,0,-0.034518928903544,-0.0544398664396409,0,-0.147466007648982,0,0,0,0,0,0,0,0,0,-0.0333115250581155,0,0,-0.080401177470435,0.0995973059983544,0.282937826197979,0.0244041082150161,0,0,0,0,0,0,0,-0.00924011241185879,0,-0.00598105014796396,0,-0.135166448612684,0,0,-0.0466762157974788,0,0.215540735801772,0,-0.0404606325538703,0,0,-0.125194565681754,0,0,-0.166112598941173,0.0806902459506574
0,0,0,0,0.0128337580101418,0,0,0.164211779764359,-0.103864465005776,0,0.157903718545631,0,0,0,0,0,0,-0.113395935697453,0,0,0,0,0,-0.167350329255722,0.0257605600821696,0,0,0,0,0,0,0,-0.0219856429062043,-0.0764729705054698,-0.229153194029904,1.43337680534691,-0.0701450930578077,0.101322675671042,0,0,-0.1111068564173,0.00878209035955159,0,-0.113878212605977,0.117622369475419,-0.0791095683018698,0,0,-0.0628669832089076,0.0280812183515643,0,0,0,0,0,-0.0573837982676196,0,-0.124336586886809,0,-0.0398705632340125,0.00603881881727427,0,0,-0.259508593881428,0,0,0,0,0,0,0,0.021349614008642,0.0800611362436797,0,0.151662293931404,0,0,0,-0.00347084443683648,-0.0275405674786352,0,0,0,0,0,0,0,0.0925877638606979,0,0,0.0128581773947216,0,0,0,0,0.115193670101645,-0.123930275615995,0,0,0
0,0,0,0,0,0,0,0.128071369434571,0,-0.00197886895874355,-0.0725970247657294,0.100292172351814,0,0,0,0,0,0,-0.00686802438540525,0,0,0,0,-0.0370763073499205,0,0,0,-0.0862081604642196,0,0.23248105689004,0.0654631594981899,0,0,0,0,-0.0701450930578077,1.30777892757666,0,0,-0.0768747617423114,0,0,0,0.0431909371143232,-0.019911481171869,0,0,0,-0.145872665208699,0,-0.0198769520903758,0,0,0.000926100303657438,0,0,0,-0.0357339754015723,0.0539811881516542,-0.0632791707750195,0,0,0,-0.0540135933347473,0.107667693179637,0,0.039254702008673,0.15565663929264,0,0,0,-0.0287883163678857,0.0732739572150606,0.0475131293986591,0,0,0.0365043468645239,0,0,-0.0473656299171236,0.0760952649917615,0.039891077734433,0,0,-0.0054525254285418,0,0,0,0,0,-0.0363920601374276,0.0936113636192031,0,0,0.127958553138528,0,0.0683893345971406,0.0478102742679763,-0.00921933486718852,0
0,0,0,0,0.0062010041482109,0,0,0,0,-0.0312385292175042,0.0451187098988622,0,0,0,0,0.111020386828475,0,0,0,0,0.000209196427733602,0,-0.0439538629551131,0,0,0,0,0,0,-0.0579413894753457,0,0,0,0,0,0.101322675671042,0,1.27608150116793,0,0,0,0,0,-0.16813799412757,0,0,0,-0.209346692770837,0.0554689899711971,0,0,0,-0.0622254380416283,-0.195319290916415,-0.0403615192383597,0,0,0,0,0,0,-0.0142658780105933,0,0,0,0,0.0125365966683821,0,0,-0.00900978518545251,-0.00328815504117788,-0.185665575654291,0,0.143214588051012,-0.0294645368232551,0,0,0.0250989976541258,0,-0.0831727820879103,0.0726853123597351,0,0,-0.18330753726349,0.0327980707163403,0,0.0404051578104015,-0.12417665802207,0,0,-0.061287211011448,0,0,-0.000336578757130492,0,0,0,0,0,-0.04028211181183
0,0,0,0,0,-0.160019493229024,0.0746148601203218,0,0,0.296257222271913,0.00897848718252358,0,0.0303670315838448,-0.148125635427605,0,0,-0.128313895347046,-0.00891777547424838,0,0,0,0,0,0,0,0,0.0115063913913858,0,0,0,-0.127591377556859,0,0,0,0.0247131148116791,0,0,0,1.65748508260159,0,0,-0.00370520072735895,-0.024010724852649,0,0.00138451088431588,0.372872668674278,0,0,0,0,0,-0.0140239489789878,0,0,0,0,0,-0.0163757487944911,-0.0310056964260939,0,0.371036168952332,0,-0.139095271199983,0,0,0.064948894220307,-0.0152281661958329,0.135583489213943,0.0696484961478303,0,0,-0.105704807271287,0,-0.28728063291545,0,0,0,-0.0292008350005169,0,0.030676372300125,0,0.0337778647358711,0,0.0456580383508991,-0.162815050413361,0,0,0.174431716128471,-0.180032138627866,0.00857477175316352,-0.0471022820925435,0,0,0,0,-0.046672296464816,0,0,-0.0372274491742462,0.0512206269981558
-0.256414174055639,0,0,0,0.0343504082591893,0,0,0,0,0,-0.0431296452723638,-0.0311897856531357,0,0,0.125288810030101,0,-0.142333471791784,0.00203536414173576,0,-0.0409333075435501,-0.0142041877890959,0,0,0,0,0,0,0,0,0,0,0,0,0,0,0,-0.0768747617423114,0,0,1.32428532925572,0,0,0,0,-0.0117778086030571,0,0,0,0.201744497671615,0.000694971707496163,0,-0.0196459132830564,0,0,-0.0112805357433093,0,-0.0787257803912171,0,0,0,0,0,-0.0254673071693256,0,0,0,0,0.0281890933005228,-0.155666371899343,0,0,0.035162422194046,-0.0556120430802835,-0.0638950801406622,0,0,0,0.298076019625456,0.0208652403102901,-0.0641210757730846,0,0,0,0,0.0541327421069734,0,-0.0795712075165735,0,0,0,0,0,0,0,0,0,0,0,0,0
0.0734546154769889,0,0,0,0,0,0,0,0,0,0,0,0,-0.000893456308514152,-0.0223438136727042,-0.0145619272066655,0,-0.0534455994826604,-0.0139756607256416,0,0,-0.0499677167455883,0,0,0,0.0245739708976058,0,0,0,0.0417570618782705,0,0,0,0,0,-0.1111068564173,0,0,0,0,1.2160186990643,0,0,-0.0671169802318287,0,0,0,-0.276423122469253,0,0,0.00743272309335705,0.0649537849604419,0,0.0412074087214898,0,0.00257498839067504,0,0,0,0,-0.117916234014826,0,0,0,0,0,0,0,0.0342824824167971,0,0,0,-0.202403610086779,0.0385433148334614,0,-0.00955840799542321,-0.156110610161918,0,-0.00420654374589369,0,0,-0.0223782365344324,-0.0159452067440933,-0.0826443904283226,0,0,0,0,-0.0116378624762526,0,0,0.0088414626177504,0,0.0525537564469424,0,0,0,-0.0179957209496308,0.0433728294110829,0.0926361116840454
-0.0609694989235863,-0.0640555271729869,-0.227382721875568,0,-0.132078975089392,0,0,0,0,0.000775740768991339,0,0,-0.0530523731015596,0,0,0,0.0543959341842714,0.055069074943745,0,0,0,0.0226194297555113,0,0,0,0,0,0.0115972173034865,0,0,0,0,0,0,0,0.00878209035955159,0,0,-0.00370520072735895,0,0,1.23801108435834,0,0,0,0,0,0,0,0.0128703063781523,0,0.0779675179886476,-0.022296606127089,0,0,0.00387722696114765,0.0310997060344605,0,-0.151470991816606,0,0,-0.100620686331629,0,0.0678121783669702,0,0,0,0,0,0,0.00274372844110885,-0.106043528493937,0,-0.163055859781725,-0.096664091610313,0,0,0,0,0,0,0,0,0,-0.233235776994701,0,0,0,0,0,0,0,0,0,-0.0290655692183688,0,0,0,0,0
-0.0750791621326781,0.0345251037578723,0,0,0,-0.0714902733717787,-0.0605631584645007,0.1419312466426,-0.264300846525016,0,0,0,0.0815808258205778,0,-0.00778747567214506,0,-0.158597731597076,0,0,-0.0799768289670912,0.110691428251987,0,0,0,0,0.0353145936228773,0,0,0,0,0,0,0,0.0276339328815392,0,0,0,0,-0.024010724852649,0,0,0,1.33158028640733,0.109317035173634,0,0.0432379288611807,-0.127261593358416,0,0,0,-0.109144262002486,0,0.0147702121420135,0.0219830235010044,0,0,-0.0961580267116346,0,0,-0.0665997389524501,0,-0.175916094306177,0,0,0,0,0,0.00477211315699598,0,0,0,0,0,-0.0215615094378349,0,0,0,0,0,-0.0203715268251119,0,0,-0.116463712008524,0,0,0,-0.0786099625533961,0,-0.0785958748898873,0,-0.0404884714215253,0,0,0,0,-0.14819501358909,0,0,0,0
-0.0143011744667533,0,0,0,0,0,0,0,-0.100877816870389,0,0.135390412502056,0.0307716520060279,0,0,0,0,0.0141062952597258,0,0,0.113626968792901,0,0,0.0439614988034629,0,0,0,0,-0.0632513750243456,0.246106857719976,0.206231440035984,0,0,0,-0.0945315230878922,0,-0.113878212605977,0.0431909371143232,-0.16813799412757,0,0,-0.0671169802318287,0,0.109317035173634,1.29055424326592,0.0455513519645244,0,0,0,0,-0.00643832246194162,0.0190721786362596,0,0,0,0,0,0,0,0,0,0,0,0,0,0,0,0,-0.0541223681255204,0,0,0,0,-0.0666312502184011,0.0124298180572959,0.146023885458637,0,0,0,0,0,0,-0.0192903265644001,-0.0652445886798708,-0.0102552605495858,0.104591080685239,0,0,-0.0202342604312522,-0.0420413326810436,0,0,0,0,0,0,0,-0.0999871971948064,0,0.0315344181208128,0
0,0,0,-0.138645331685127,0,0,-0.0895681048762285,0,0,0,-0.00558872133561903,0,0,0.039666937535282,0,0,-0.108436328308391,0,-0.0395045296146157,-0.0149341072261805,-0.0244099341003076,0,0,0.0271270802378717,0,0,0,0,0,0,0,0,0,0,-0.0144605409824141,0.117622369475419,-0.019911481171869,0,0.00138451088431588,-0.0117778086030571,0,0,0,0.0455513519645244,1.17986152768315,0,0,-0.0165292740881706,0,-0.00228647524560884,0,0,0.00767289070727964,-0.071728040176663,0,0,0,0,0,0,0.0942071006485049,0,0.0447633020444295,0,0.0852473588897622,0,0,0.0359595686172271,0,0.0197483976999805,0,0,0,0,0,0,0.025336607854148,0,0.0332101348118581,0,0,0,0,0,0,-0.117061518436978,0,-0.0120909500733495,0,0,0,0.125037216992049,0,0.0232103110955381,-0.00204689594767856,-0.221270686927913,0,0,0,0
0.27254265231653,0,0.358500145754887,0,0,-0.0217058335963967,0,0,-0.0364094893691274,0,-0.211801841095955,0,0,0.0016846249817509,0,0,0,0.0527310669891464,0.0240183665399607,0,0,0.0429922315014408,0,0,0.0486170783528684,0,0,-0.00242263860050626,0,-0.15310960272154,0,0,0,0,-0.119612258168081,-0.0791095683018698,0,0,0.372872668674278,0,0,0,0.0432379288611807,0,0,1.46407775739696,0,0,-0.0701038553802854,0,-0.0459672449441782,-0.124509635654267,0.0327065393533563,-0.0364664573076078,-0.0484187608978032,-0.178793911737751,0,0,0,0,0,0,0,0,0,0,0,0,0,0,0,0,0.0605430820264102,0,0,0,0,0,0,0,-0.0601917635969494,0,0,0,-0.0459108229464994,-0.0693861455420615,0,0,0.00302270606389777,0,0,0,0,0,0,-0.00497573817805389,0,0,-0.0626609595655941,-0.0487794290898936
0,-0.0598491395240244,0,0,-0.0219173640182809,-0.0336218310862239,0,-0.0715890973825964,0,-0.0833265242912484,0,0,0,0,0,0.0280772574714821,0,0,-0.0356777540776892,0,0,0,-0.0255793425732257,0,0,0.0605964653467101,-0.0174311138043534,0,0,0,-0.127153461968953,0.0835825279260382,-0.0373070607922431,0,0,0,0,0,0,0,0,0,-0.127261593358416,0,0,0,1.15648323423252,0,0,0,0,0.0181519508378724,0,0,-0.0187973706900779,-0.0430416420229039,0,0,0,0,0,-0.00178396612678487,-0.0255010422528221,-0.0678127523624093,0,0,-0.0128696931835173,0,-0.013517927222278,0,-0.172717993566877,0,0.00758641501207932,0,0,0,0,0.0159902493586368,0,0,0.000409064774198595,0,-0.168517408262365,-0.0529584719623905,0,0,0,0,0,0,0,-0.00261429558405348,0,0,0.131849037767163,0,0,-0.013582901428996,0,0
0,0,0.00582986816847644,0,0,0,0,-0.0663328236525732,0,0,0,0.020705815498802,0,0,0,-0.0574392652203718,0,0,0,0,0,0,0,0.11255948702631,0,0.0217440926429311,0,0,0,0,0,0,-0.114498020822925,-0.0603409421769058,0,0,0,-0.209346692770837,0,0,-0.276423122469253,0,0,0,-0.0165292740881706,0,0,1.27182530878545,0.067922553254881,-0.123710248637447,-0.0426163937422958,0,0,-0.00774697894071566,0,0,0,0,0,-0.0362607754801078,0,0,0,0,0,0,0,-0.162437111939416,-0.0246254875179605,0,0,0,0,0,-0.0220817840225119,0,0,0,0,0.0482366655552625,0,0,0.00103204332368685,-0.0360224192055588,-0.198115631710391,0,0.0102037935727001,-0.0151992855723793,-0.0448403204876922,0,0,0,0,0,0,0.0919072223531506,0,0,0,0
0.229238570999624,-0.150799949628921,0,0,-0.0852606754267405,0,0,0.0312221633396222,0,-0.0246058120454256,-0.0177077209673534,0,-0.0804335496848738,0.118146505974,0.227320867728342,0,-0.0612353124438226,0,0,0.00770053070098804,0,0,0,0,0,0,0,0,0.0710825689783411,0.0895743858329441,0,0,0.118413764680585,0,0,-0.0628669832089076,-0.145872665208699,0.0554689899711971,0,0.201744497671615,0,0,0,0,0,-0.0701038553802854,0,0.067922553254881,1.56138362170732,0,0,0,0.0149858788705439,0,0,0,0.0681410973413138,0,0,0,0.112770842821904,0.00729787796077412,-0.137511567652812,0,0,0,0,0.134108564040827,0,0.04013199099218,0,0,0.0747613580202395,0.16529030879326,-0.097491947176421,0,0.0167181622202789,-0.356755601838172,-0.0754602881061318,0,0,-0.134215098084041,0,0,0,0.0494005957358813,0,0,0,0,0,0.00854052670157952,0,0,0,0,0,0,0,0.164512282249078
0.0265258161848857,-0.0456402350750192,0,-0.117522118414905,0,0,0,0,0,0,0,0,0,0,0.10531150527812,0,0,0,-0.145322680351953,0,0.00504733039594607,-0.000239656653634029,-0.0567289926760388,0.126861236812007,0,0.0450053587489328,0,0,0.171491447994236,0.174074938471867,0,0,-0.1754053752306,0,0,0.0280812183515643,0,0,0,0.000694971707496163,0,0.0128703063781523,0,-0.00643832246194162,-0.00228647524560884,0,0,-0.123710248637447,0,1.27071733578861,0,0,0,-0.20390799081261,0,0,0,0,0,0,0.00741782234855884,0,0.0159051825726068,0.0319406826203535,0,0,-0.13492869917324,0,0,0,0,0,-0.0492850418179129,0.0220378010769005,0,0,0,0,0,0,0.0710687649904795,0,0,0,-0.0312464270259412,0,0.0313353532691913,-0.0838328539322605,-0.0761591236913545,-0.00551322209563158,0,0,0,0,-0.0208703778245382,0,0,0,0,0
-0.0706844986501081,0.0676872608010128,-0.0553788472542136,0.0579795549092342,0,0,0,-0.0022930925111929,-0.0077429869193938,0,0,0,0,-0.00501233596371154,0.0307614705113309,0,0,0,0.0486493940303764,0,0,-0.0856904674057033,0,0,0,0,0.186153988298202,-0.048534180178378,0,0,0.00100564303866753,0.14021985657036,0,0,-0.0983826182256824,0,-0.0198769520903758,0,0,0,0.00743272309335705,0,-0.109144262002486,0.0190721786362596,0,-0.0459672449441782,0,-0.0426163937422958,0,0,1.21492567705369,0,0,-0.104675897604129,-0.0122239900088086,-0.072914292018839,0,0,-0.0923767127253175,-0.0160658897051292,0,-0.0906520218472518,0,0,0,0.0638131779345305,0,0,0,0,0,0,0.0451056022562485,0,0,0,0,-0.106853411677599,0,0.0577142928746212,0.047303829650205,0.125073965511043,-0.0796025204445189,0,-0.0675825365946711,-0.0449045326720279,-0.0827961266674861,0,0,0,-0.0701911835429904,0.0876409271398175,0,0,0,0,0.032920358903311,0,0,0.0155015301287989
0,0,0,0,0,0,-0.029583418293607,-0.00469209849527077,0,0,-0.143656620407068,0,0,0,0,0.0604324104674504,-0.0444801023547895,0,0,-0.112882551287935,-0.0241543842097151,0,0,0.120478781119671,0.0639155330803996,-0.155276089820643,-0.150742531993124,-0.04520315314586,0,0,-0.0384448231377822,0.00543588200988075,0,0,0.0022648395496507,0,0,0,-0.0140239489789878,-0.0196459132830564,0.0649537849604419,0.0779675179886476,0,0,0,-0.124509635654267,0.0181519508378724,0,0,0,0,1.25416923366116,-0.0745742962338756,0,0,-0.132146023970945,0,0.0740367337574942,0,-0.0191084696563777,0,0.0109972855451592,-0.0228566376687543,0,0,0,-0.0332396374548596,0.0694679908722012,0,0,-0.12110936557315,0,0,-0.0394027945938255,0,0.0156006737262058,0,0,0,0,0,0.0015330252040047,0.11953186190321,0,0,0,0,0,0,0,0,0,0,0,0.0735006136163801,0,0,0,-0.0171822249503079,0
0,0.126510583837711,-0.00235577916372218,0,0,0,0,0,0,0,0.0781148142491166,-0.0221392085208599,-0.0210106070068079,0,0,0,0,0,0,0,0.0950728022639519,-0.102155779971642,0,0.139324795851318,0,-0.0215004517996634,-0.0870566274449897,-0.0104661416004368,0.0295698056009223,0,-0.104183101001076,0,0,0,0.101969573244843,0,0,-0.0622254380416283,0,0,0,-0.022296606127089,0.0147702121420135,0,0.00767289070727964,0.0327065393533563,0,0,0.0149858788705439,0,0,-0.0745742962338756,1.32029260625752,0,0,0,0.000105500404040147,0.0645533863143174,0,-0.0384534148240147,0,-0.0929737512892919,0,0,0.167703179694301,0,0,0,0.232010813516997,0.0213826140044253,0,0,0,-0.002742429494564,0,0.0682442122584255,0,0.0124969290745385,0,0,0.0666155762486413,0.11139918200053,-0.00760310043209458,0,0.0402328903129067,0,-0.0472727647301101,0,0.0609563833747353,0,0,0,0,0,0.00353863084657972,0.0157290217144696,0,0.00472411961598135,0,-0.263688253814565
0,0,0,0,0.0401841347323439,0.106947933769197,-0.0236038315106863,0,0,0,0,-0.0710574991380696,0.0079506697709425,0,0.0200502894205799,0,-0.0440977604912553,0,0,0,0,-0.0491386377323433,-0.0124756473557146,0,0,0,0,-0.05509408573143,0,-0.12723113164665,-0.123771658984196,0,0,0,0,0,0.000926100303657438,-0.195319290916415,0,0,0.0412074087214898,0,0.0219830235010044,0,-0.071728040176663,-0.0364664573076078,0,-0.00774697894071566,0,-0.20390799081261,-0.104675897604129,0,0,1.26487278187687,-0.0413213132719035,-0.0283990174764845,0,0,0,0,0,-0.0365190820033216,0,0,0,0,0,-0.0184156250647303,-0.0754250335023118,0,0,0,0,0,0,0,0,0,0,0,-0.220014511002929,0,0.100051232168469,0,0,0,0.0405986847055864,0,0,0,0,0,0,0.00228296465228337,-0.1470833261516,0,0,-0.0350257359589095,0,0
-0.138946739587359,0,0,0,-0.0740097099613451,0,0.0453938243651228,0,0,0,0,0,0,0,0.0363695238146569,0,0,0,0,0,-0.0111904202838745,0,0,0,-0.229624428995338,0,-0.0886109106082345,0,-0.0932371630733462,-0.0143042795119508,0,0,0,0,-0.034518928903544,0,0,-0.0403615192383597,0,-0.0112805357433093,0,0,0,0,0,-0.0484187608978032,-0.0187973706900779,0,0,0,-0.0122239900088086,0,0,-0.0413213132719035,1.16631213182205,-0.00113338929042974,0,0,-0.00402192382583891,0,-0.0323747989246891,0,-0.0658450354349451,0.072018691284363,0,0,0,0,0,0,-0.0232513951046011,0,0,-0.0231807724599483,0,0,0,0,0,0,-0.0558090266528761,0,0,0,0.0617260555811963,0.0311077128381734,0,0,0,0,-0.00625225975463098,0,0.00956912831203652,0,-0.158862130235638,0,0,0,0,0
0,0,0,0,0,-0.228870367748516,-0.0108976472517635,-0.00547347221134607,0,0,0.0627824545529854,0.0951322458004786,0,0.040674123361129,0,-0.00199384109893645,0.118889018528925,0,0.0674446455994765,0,0,-0.132765624447345,0,0,0,-0.0804808410885788,-0.212298082058055,0.00928678064295459,0.0628566972824973,0,-0.024137242254567,0,0,0,-0.0544398664396409,-0.0573837982676196,0,0,0,0,0.00257498839067504,0.00387722696114765,0,0,0,-0.178793911737751,-0.0430416420229039,0,0,0,-0.072914292018839,-0.132146023970945,0,-0.0283990174764845,-0.00113338929042974,1.3065966430598,0,0,-0.0331015572439852,0,0,0.0475538784829911,-0.107761481858439,0,0,0,0.0714688193443653,0,0,0,0,-0.0333048790437948,0.0557653395028982,0,-0.0102088313833142,0,0,0,-0.0286073665603232,-0.024310583816402,0,0,-0.0156742929432279,0,0,0,0.00961341399517654,0,0,0,0,-0.0456072047116115,0,0,0,0,-0.174063489263505,0,-0.171532022618999,0
0,0,0.112224474550999,-0.140204219500119,0,0,0,0,-0.0357950531051404,0,0,0,0,-0.00161018165472445,0,0,-0.00801763234726906,0,0,-0.0118091093280528,0,0,0,0,0,0.0155287771384713,0,0,0,0,0.0074702634909067,0,-0.0488983522272062,0,0,0,0,0,0,-0.0787257803912171,0,0.0310997060344605,-0.0961580267116346,0,0,0,0,0,0.0681410973413138,0,0,0,0.000105500404040147,0,0,0,1.1476936081515,0,0,0,0,0,0,-0.0903601126024638,0,-0.0634066119344268,0.124408649157542,0.0476669828829709,0,0.0313706493768989,0,0,0,0,0.0494133668058313,0,0,0.0564106525070795,0.00859214552350637,0,0,0,-0.0683221396878019,0.071612930622483,0.118672901722835,0.0125797345174447,0,0,0,0,0.0286843730289675,0,0,0,0.042542623522549,-0.0110205882770419,0,0,0,0
0,0,-0.179394801575589,0,0,-0.0298053190455456,0,0,-0.0121053012300758,0,0,0,0,0,-0.106388365695337,-0.116443336775932,0,0,0,0,0,0,0,-0.0955528022745847,0,0,0,0,-0.0173397516863351,0,0.00440092285950551,0,-0.0354149890716622,-0.0460439324801756,-0.147466007648982,-0.124336586886809,-0.0357339754015723,0,-0.0163757487944911,0,0,0,0,0,0,0,0,0,0,0,0,0.0740367337574942,0.0645533863143174,0,0,0,0,1.19949624805221,0,0,0,0.0288605994295349,0,0,0,0,0,0,0,0,-0.0120645546867817,0,0,0.0630351985359629,0.0344864832969742,-0.0400333946977758,0,0,0,0,0,0,-0.0070624500584007,0,-0.0366205651221149,0,0,0,0.0247896467103736,0,-0.232838715958875,0,0,-0.00414568029630004,0,-0.0829402389983026,0,0.0309393255090435,0,0.0327362008186731
0,0.133385843036973,0,0,-0.0123740418556902,0,0,0,0,0,0,0,-0.0100529065490073,0,0.0661746572226524,0.0486038200705561,0,0,0,0,-0.0164636202437549,0,0,0,0,0,0,0.0654289646534137,0,0.106919879931444,0,0,0.0662028346962807,0,0,0,0.0539811881516542,0,-0.0310056964260939,0,0,-0.151470991816606,0,0,0,0,0,0,0,0,-0.0923767127253175,0,0,0,-0.00402192382583891,-0.0331015572439852,0,0,1.13474162753756,0,0,0,0,0,-0.0689275941383727,-0.0319966266857187,0,0,0,0.0325855276585303,0,0,0,0,0,0,0,0,0,0.121891288506524,0,0,-0.104429939364958,0,-0.0120198871156766,0,-0.0596001812888405,0,0,0,-0.026585237020332,-0.0232395780316658,0,0,-0.0996943986210992,0,0,0.00903316724542446,-0.015192635340592,0.0240071731787365
0,0,0,0,0,0,0,-0.0234954639707843,0,-0.000152461091023298,-0.0200137553638986,0,-0.0212048031551491,0,-0.0925907244520325,0,0,0,-0.0560650032494313,-0.00735779159685831,0,0,0.0469721537894255,0,0,0,0,0,0,0,0,0.0691572215320075,0,-0.021678877412352,0,-0.0398705632340125,-0.0632791707750195,0,0,0,0,0,-0.0665997389524501,0,0,0,0,-0.0362607754801078,0,0,-0.0160658897051292,-0.0191084696563777,-0.0384534148240147,0,0,0,0,0,0,1.08075011846134,0,0,0,0,0,0,-0.00383301030571708,0,0,0,0,0,0,0,0,0,0,0,0,0,0,0,0.0847069147484865,-0.0327417355385308,0,0.0147512283152599,-0.167766088304207,-0.0460813341061001,0,0,0,0.0700030219186105,0.0517623779466859,-0.0149177487583499,0,0,0,0,0,0
0,0,0,-0.227628951482675,0,0,-0.0292168335445905,0,0,0.0534335951041953,-0.067385678933981,0,0,-0.0161782152632105,0,0,0,-0.0324112609564444,0.101977372573189,0,0,0,0,0,0,0,-0.0733895692767584,-0.0572652310924002,0,0.126943557653811,0,0,0,0,0,0.00603881881727427,0,0,0.371036168952332,0,-0.117916234014826,0,0,0,0.0942071006485049,0,0,0,0.112770842821904,0.00741782234855884,0,0,0,0,-0.0323747989246891,0,0,0,0,0,1.33992682593954,-0.0805041487673436,-0.133307732372888,0,0.0353369921131186,0,0,0,-0.0968285170005765,-0.0338965721728984,-0.00164552177845124,-0.265967829415881,0,0,0,0,0,-0.103628246913917,0,0,0,0,-0.112300961265016,0,0,0,0,0,0,0,0,0,-0.0346057848741266,0,0,0,0,0.0999515248245321,0.0798069891425309,0
-0.0357693143698766,0,-0.0557578706270124,0,0,0.0179295728422518,-0.00866484615964335,0.0342295764028258,0,0,0,-0.0712649598551193,0,-0.0110776454783345,0,0,0,0,0,0,0,0,0,0,-0.0392583411554688,-0.103940102551724,-0.0515151758569196,-0.0886046684749025,0.0956000172033705,0,0,0,0,0.0290547089539033,0,0,0,-0.0142658780105933,0,0,0,-0.100620686331629,-0.175916094306177,0,0,0,-0.00178396612678487,0,0.00729787796077412,0,-0.0906520218472518,0.0109972855451592,-0.0929737512892919,-0.0365190820033216,0,0.0475538784829911,0,0.0288605994295349,0,0,-0.0805041487673436,1.18591762955144,0.0579489373384729,0,0,0.0124036754958515,0,0,0,0,-0.0134170215886181,0,0,0,-0.0704944650696192,0,-0.0445609175877432,-0.0297503293352732,0,0,0,0,-0.0602215886633465,-0.0820027742552571,0,-0.04844597279761,-0.0932367577019,0,0,0,-0.0681449322770686,0,0,0,0,0.0109705047372803,0,-0.0443622682305315,0,0
0.0349715906819584,0,0,0,-0.061671327868994,0,0.15180111512493,-0.0311038829956642,0,0,-0.0031092702648087,0,0,0,0,0,-0.102352698947256,0,0,0,0,-0.0312964098054861,0,-0.0832052930342611,0,0,0,-0.0366158291120259,0,0,0,0,0.0242057608430055,-0.0044950700407171,0,0,0,0,-0.139095271199983,-0.0254673071693256,0,0,0,0,0.0447633020444295,0,-0.0255010422528221,0,-0.137511567652812,0.0159051825726068,0,-0.0228566376687543,0,0,-0.0658450354349451,-0.107761481858439,0,0,0,0,-0.133307732372888,0.0579489373384729,1.24358062101577,0,0,-0.0545456199742338,0,-0.0417444419105981,0,0,0,0,0,-0.228652821845911,0,0,0.0522132111777921,-0.0714479388091308,0,0,0,0,0,0,0,0.121049167576715,0,0.0940451565756838,-0.0314642181797346,0.0664490721866983,0.0153728663700071,0,0,0,0,0,-0.056984342039372,0,0,0
0,0,0,0,0,0,0,0.0390357700274661,-0.0268957454265632,0,0,0,0,0,0,0.0270124680735702,0.208867032520705,-0.116523829258707,-0.018430232618962,-0.00447275982496876,0,0,0,-0.0524466252827204,0.052643530464394,0,0,0,0,0.0755112269333648,0,0,0,0,0,-0.259508593881428,-0.0540135933347473,0,0,0,0,0.0678121783669702,0,0,0,0,-0.0678127523624093,0,0,0.0319406826203535,0,0,0,0,0.072018691284363,0,-0.0903601126024638,0,0,0,0,0,0,1.47119036978475,0,0,0,0.0607162397203523,-0.0897971047094808,0.0898685267727824,0,0,0,0,0,-0.413274577083429,0,0,0,-0.124057523163679,0,0,0,0.0416126836158053,0,0.0916106588120579,-0.248298655149896,0,0,0,0.0301375616221404,0,-0.0746884896941335,0,0,0,0,0,0,0
0,-0.0107410844388131,0,0.0140910734300676,0,0,0,0,0,0,0,0,0,0,0,0,0.054757707858867,0,0,0.0815198472080924,0,0,0,0,0,0,0.00687790830227321,0,0,0,0,0.0650686289567559,0.0186358603960756,0.0525690365768427,0,0,0.107667693179637,0,0,0,0,0,0,0,0.0852473588897622,0,0,0,0,0,0,0,0.167703179694301,0,0,0,0,0,-0.0689275941383727,0,0.0353369921131186,0,0,0,1.14625391196012,-0.00517869404944412,0.103411594218547,-0.0435671393972762,0,0.00844141659258908,0,-0.0236630574363076,0,0,-0.00634570752167246,0,0,0,0,0,0,0,0,0.00509586908082526,0,0.221956629314414,-0.136261417124014,0,0,0.0265580433068421,0,0,0,0,0,0,0,0,0,0
-0.0559111356365536,0,0.0450624497269848,0,-0.0250374927617373,0,0,0.141209561442069,0,-0.0866105778408197,0,0.038629883226875,-0.0178147076977747,0,0,0,0,0,0,0,0,0,0,-0.0134582949248165,0.00690423268692825,0,0,0,0,0,0,0,0,0,0,0,0,0,0.064948894220307,0,0,0,0,0,0,0,0,0,0,0,0.0638131779345305,0,0,0,0,0,-0.0634066119344268,0,-0.0319966266857187,0,0,0.0124036754958515,-0.0545456199742338,0,-0.00517869404944412,1.10425161334008,0,0,0,0,0,0.0126927761499076,0,0,0,0,0,0,0,-0.00919912985958875,0,0,-0.12848733192913,0,0,0.0896991836410255,0.0165327792453448,0,0,0,0,0,0.0736677531566657,0,0,0,-0.0303499457837081,0.0796784919570481,0.0238623291755514,-0.10310516005204
0,0,0.115061210117135,-0.0244153631485767,-0.130361953069771,0,-0.0519500397495764,0,0.0144663505436269,0,0,0,0,0,-0.00167271298216875,0.0339820047066734,0,0,0.0128078846095156,-0.0537054465335047,0,0,-0.0788548479879427,0,0,0,0,-0.0127724716852088,0,0,-0.0734763289829408,0,-0.0936111070613123,0,0,0,0.039254702008673,0.0125365966683821,-0.0152281661958329,0,0,0,0,0,0,0,-0.0128696931835173,0,0,-0.13492869917324,0,-0.0332396374548596,0,0,0,0.0714688193443653,0.124408649157542,0,0,-0.00383301030571708,0,0,0,0,0.103411594218547,0,1.1999808302135,0,-0.00804682276863655,-0.0187548031520406,0,0,0,0,0,0.0301135675664895,-0.167005253898088,0,0,0.101708156661612,0,0,0,0,-0.0238760905261481,0.0905149690007197,0,0,0,0,0.0423157883066349,0,0,0,-0.116095109200532,0,0,0,-0.089353683063609,0.0156667604566803
0,0,-0.0274323480448771,0,0,0,0,-0.0851618625109172,0,0,0,0,-0.0139667119668598,0,-0.0220488125070301,0,0,0.012161907001222,-0.10482355024121,0,0,-0.0461205814095727,0,0,0,0,0.0562173311482113,0.0381158006434552,-0.00999077874612835,-0.0316668468717995,0,0.0409207011212634,0,0,-0.0333115250581155,0,0.15565663929264,0,0.135583489213943,0.0281890933005228,0,0,0.00477211315699598,-0.0541223681255204,0.0359595686172271,0,0,-0.162437111939416,0.134108564040827,0,0,0.0694679908722012,0,-0.0184156250647303,0,0,0.0476669828829709,0,0,0,0,0,-0.0417444419105981,0.0607162397203523,-0.0435671393972762,0,0,1.17866901959166,0,0,0,0.0306755901406772,0,0,0,0,0,0,0,0,0,0,0,-0.0371513646858193,0.074818573956685,0,0,-0.0156449380048831,0,0,0,0,0,0,-0.0470320413966617,0,0,0,0,0
0,0.0033442717855623,0.0125895362175503,-0.0887458185191843,-0.107704714712657,0,0,0,0,0,-0.0646056208792311,0,0,0,0.143239994842922,0,-0.253167718392761,0,0,-0.0124503307585281,0,0,-0.0220853586608405,0,0,0,-0.0454334935182499,0,-0.000916102412001495,0,-0.0144508555377639,0,0,0.0379947290062978,0,0,0,0,0.0696484961478303,-0.155666371899343,0.0342824824167971,0,0,0,0,0,-0.013517927222278,-0.0246254875179605,0,0,0,0,0.232010813516997,-0.0754250335023118,0,0,0,0,0,0,-0.0968285170005765,0,0,-0.0897971047094808,0,0,-0.00804682276863655,0,1.31114705764325,0,0,0.0172416685334855,-0.0821889689463698,0,-0.114924581101031,0,0,0,-0.208210596357498,0,0,-0.1073499519985,0,0,0,0,0,-0.0518547821402025,0,0,0,-0.125208149459786,0,0,0,0,0,0,0,0
-0.0707336040683955,0,0,0,0,0,-0.0736116170811694,0,0,0,0,0.0822424981889154,0,0,0,0,0.176801237452225,0,0,0,0.0863124030483041,0,0,0,0,0,-0.071086612582599,0,0,0,-0.000746057352823183,-0.0394339128117958,0,-0.17793375273542,0,0,0,-0.00900978518545251,0,0,0,0,0,0,0.0197483976999805,0,0,0,0.04013199099218,0,0,0,0.0213826140044253,0,0,0,0.0313706493768989,0,0.0325855276585303,0,-0.0338965721728984,0,0,0.0898685267727824,0.00844141659258908,0,-0.0187548031520406,0,0,1.19125222742092,-0.0499250333527381,-0.0462749892334791,-0.0611879230133343,-0.0878922268813568,-0.0410578052952249,0,0,-0.171455696405832,0,0,0.0346971928742441,0,0,-0.0588182321037828,0,0,0,0,-0.128919697271766,0,0,0,0.0503044726111489,0,0,0,0,-0.0734971453596539,0,0
0,0.0135275708729448,-0.105169181648256,0,0,0,-0.103273058313085,0,0,0,-0.0220682071630005,-0.0298778645594107,0,0,0,0.0343340579861806,0,0.000408721522273012,0,0,0,0,0,0.087519051974544,-0.202383456561304,0,0,0,-0.0872541710714776,-0.0139980171284864,0,0,0,0,-0.080401177470435,0,0,-0.00328815504117788,0,0,0,0.00274372844110885,0,0,0,0,-0.172717993566877,0,0,0,0,-0.12110936557315,0,0,-0.0232513951046011,0,0,-0.0120645546867817,0,0,-0.00164552177845124,-0.0134170215886181,0,0,0,0,0,0,0,-0.0499250333527381,1.19820035506035,-0.198154143698827,0.0422632901202925,0,0,0.0188760280760273,0,0,0,-0.00858071068082461,0.020952386310359,0,0,0,0,0,0.0367779838844669,0,0,0,-0.106056653491209,0,0,-0.0386616585208974,0,-0.00662809203104872,0,0,0,-0.026540767005974
0,0,0.139500519653766,0,0,0,0,-0.0604162732587321,-0.0351176430853334,0,0,0,0,0,-0.0846483413583665,0.0296905567631628,0,0,0,0,0,-0.00688068992204734,0,0,0,0,-0.00952913949599772,0,0,0,0,0,0,0,0.0995973059983544,0.021349614008642,-0.0287883163678857,-0.185665575654291,-0.105704807271287,0.035162422194046,0,-0.106043528493937,0,0,0,0,0,0,0,0,0,0,0,0,0,-0.0333048790437948,0,0,0,0,-0.265967829415881,0,0,0,-0.0236630574363076,0.0126927761499076,0,0.0306755901406772,0.0172416685334855,-0.0462749892334791,-0.198154143698827,1.24790605071415,0,-0.0732456786003655,-0.0933816419118668,0.000366622472084436,0,0,0,0,0,0.0086988933588217,0,0,-0.00471618787760574,0,0,0.0309026421854001,0,0,-0.00681778035395735,0.10173711660809,0.117060181311532,0,0,0,0,0,0,0
0,0,0.00852088548319655,-0.0841439627429332,0,0,0,-0.0146825007716667,-0.00881745536315665,0,0,0.0305050818291663,0,0,0.00181278006170408,0,0,0,0,-0.0892654062911673,0,-0.0875806533850392,0.119342972735176,0.0623493964871599,0,0,0,0,0,0,0,0,0,0.0426055297884748,0.282937826197979,0.0800611362436797,0.0732739572150606,0,0,-0.0556120430802835,-0.202403610086779,0,0,-0.0666312502184011,0,0.0605430820264102,0.00758641501207932,0,0.0747613580202395,-0.0492850418179129,0.0451056022562485,0,0,0,0,0.0557653395028982,0,0,0,0,0,0,0,0,0,0,0,0,-0.0821889689463698,-0.0611879230133343,0.0422632901202925,0,1.26427565004482,0,0,-0.143405289377474,0,0,0,0,0,-0.00780009884075595,0,0,-0.0610655258173572,-0.0119949291945127,0,0,0,0,0.0622182495544739,0.0566739121363165,0,0,0.0996621096535921,0,-0.0680164972445386,0,0,0
0,0,0,0,0.0437386727772481,0.0964241132273013,0,0,0,0,0,0,0,0,-0.317765667070183,0,0,0,0,0.0762371353709091,0.0330903596382139,0.128046996468592,0,0.109250942149033,0,0,0,0,0,0,-0.112469735557784,-0.0304468726423791,0,0,0.0244041082150161,0,0.0475131293986591,0.143214588051012,-0.28728063291545,-0.0638950801406622,0.0385433148334614,-0.163055859781725,-0.0215615094378349,0.0124298180572959,0,0,0,0,0.16529030879326,0.0220378010769005,0,-0.0394027945938255,-0.002742429494564,0,-0.0231807724599483,0,0,0.0630351985359629,0,0,0,0,-0.228652821845911,0,0,0,0,0,0,-0.0878922268813568,0,-0.0732456786003655,0,1.44935623404067,0,0.0153910676437874,0,-0.121843069893757,0,0,-0.00268874768079372,0,0,0,-0.0078341675913417,0,0,0.0746114694734065,0,0,0,0,0,0.0534507420904134,0,-0.0308295348427252,-0.0640409445687505,-0.0513331837363514,0,0
0,0,0.25600464978109,0,0,0.00700210072002416,-0.07544015130005,0.156709100688936,0,0,0,0,-0.123249649797108,0.190776417036911,0,0,0,-0.106587918196776,0.0812389187921729,0,0,-0.00278123352336497,0,0.0651847083661841,0,0,-0.0592504274228959,0,0,0,0,0,0.065712187622646,0,0,0.151662293931404,0,-0.0294645368232551,0,0,0,-0.096664091610313,0,0.146023885458637,0,0,0,-0.0220817840225119,-0.097491947176421,0,0,0,0,0,0,-0.0102088313833142,0.0494133668058313,0.0344864832969742,0,0,0,-0.0704944650696192,0,0,-0.00634570752167246,0,0,0,-0.114924581101031,-0.0410578052952249,0,-0.0933816419118668,0,0,1.32659261446406,0.0166746952184954,-0.140815471772137,0,0,0,0,0,0,-0.0865364753715423,-0.0503440253641387,0.0905244144894445,0.0299435974041971,0.121788956458634,0,0,0,0,0,0,0,0,0,0,-0.0683090799890035,0
0,0,-0.046473572823988,-0.0251945840892187,0,-0.180757559262108,0,0,0,0,0,0.151863789481214,0,0,0,0,0.124113226011703,0.0864643904954973,-0.183275391576045,0,0,0,-0.076047545946727,-0.0644646089286171,0,0,0,0,0,0,0,0,0,0,0,0,0,0,0,0,-0.00955840799542321,0,0,0,0,0,0,0,0,0,0,0.0156006737262058,0.0682442122584255,0,0,0,0,-0.0400333946977758,0,0,0,0,0,-0.413274577083429,0,0,0.0301135675664895,0,0,0,0.0188760280760273,0.000366622472084436,-0.143405289377474,0.0153910676437874,0.0166746952184954,1.36096049223696,0,0,0,0,-0.0315304094633853,0,0,0,-0.0557111528822308,0,-0.0127251912434598,0,0,0,0.0931827006002049,0,-0.0811806556788003,0,0,-0.0362174806955958,0,-0.0628231003486356,0,-0.127253407451607
0,-0.0192505804741716,0,0,-0.023518797297484,0,0,0.000997077230658477,0.0218234251643251,0,0.0271688685581544,0,0,0,-0.09356202974344,0,0,-0.031436132103873,0,0,-0.00337088403510439,0,0,0,-0.0471546227958995,0,0.0137011701789885,0,0,-0.0513999238917934,-0.0583952436137721,0,0,0,0,0,0.0365043468645239,0,0,0,-0.156110610161918,0,0,0,0.025336607854148,0,0,0,0.0167181622202789,0,0,0,0,0,0,0,0,0,0,0,0,-0.0445609175877432,0.0522132111777921,0,0,0,-0.167005253898088,0,0,0,0,0,0,0,-0.140815471772137,0,1.14916915989718,-0.0372690362287741,0,0.00480282614996477,0.0260834023319913,0,-0.0167537038600334,0,-0.0211823557074905,0,0,0,0,0,0,0.0570204524410633,0.0429665645625386,0,0,0,0.182232303836032,0,0,0
0,-0.00645989106297172,-0.376543315750984,0,-0.0172425911645216,0.0602378819774399,0,0,0.0412430374537909,-0.0822537262361423,0,0,-0.0250045475554484,0,0,0,-0.0300367514014306,-0.0177436874578265,0,0.0117596042830682,0,0,0.0896001533848211,-0.0634115194634846,0,-0.0864840416944817,0.00410381982727211,-0.0466391043901999,0,0,0,0,0,-0.0233188339213242,0,0,0,0.0250989976541258,-0.0292008350005169,0.298076019625456,0,0,0,0,0,0,0.0159902493586368,0,-0.356755601838172,0,-0.106853411677599,0,0.0124969290745385,0,0,0,0.0564106525070795,0,0,0,-0.103628246913917,-0.0297503293352732,-0.0714479388091308,0,0,0,0,0,0,-0.171455696405832,0,0,0,-0.121843069893757,0,0,-0.0372690362287741,1.59603224769777,-0.016198126800682,0.0260701229286319,0,-0.149711134115459,0,0,0,0.092143695589743,0,0,0,0,0,0.0141297060687651,0.102660667929447,0.0706042148891727,0,-0.148401037403103,0,0,0.24752768238781,0.0657638007348193
0,0.0290180234228413,0,0,0,0,0,0.0459122578453652,-0.0452607551309709,-0.0668189521767175,0,0,-0.00497927007597675,0.0971869958748484,-0.154757192447866,0,0,0,0,-0.0271320283334752,0.040128643632156,0,0,0,-0.0303794127636564,0,0,0,0,0,0,-0.0306976609564161,0,0.0193587565684559,0,-0.00347084443683648,0,0,0,0.0208652403102901,-0.00420654374589369,0,0,0,0.0332101348118581,0,0,0,-0.0754602881061318,0,0,0,0,0,0,-0.0286073665603232,0.00859214552350637,0,0,0,0,0,0,0,0,0,0,0,-0.208210596357498,0,0,0,0,0,0,0,0,-0.016198126800682,1.10613993625251,-0.0458006023782857,0,0,0,0.0924936816317621,0,0.0205247489906344,0,0,0,0,-0.0450328048526427,-0.0433443405542727,-0.0204783195161388,0,0,0,0,0,0,0
0,0,0,-0.0447118787559281,0,0,0,0,-0.012202090904302,0,0.000643641543028121,-0.0350774039026796,0,0.024926933976858,0,0,-0.0110977384275057,0,-0.00361806508922361,0,0,0,0,0,0.0420982421930827,0,-0.00343220622841371,0,0,0,0,0,0.0413675505454791,0.0389854790029174,0,-0.0275405674786352,-0.0473656299171236,-0.0831727820879103,0.030676372300125,-0.0641210757730846,0,0,-0.0203715268251119,0,0,0,0,0.0482366655552625,0,0,0.0577142928746212,0,0,0,0,-0.024310583816402,0,0,0.121891288506524,0,0,0,0,-0.124057523163679,0,-0.00919912985958875,0.101708156661612,0,0,0,-0.00858071068082461,0,0,0,0,0,0.00480282614996477,0.0260701229286319,-0.0458006023782857,1.23474950878594,0.0319838950696822,0,0,-0.13267940842388,0,0,0,0.166268689358951,0,0,0,0,-0.0949101926633914,0.0341718872117075,0,-0.0815966441275754,-0.0807012221447052,-0.0779789031013072,0,-0.268622559684772
0,0,0,-0.0144443405350259,0,0,-0.112332632503914,0.0320771916566996,0,0.0164665983020307,0,0,0.0594344340039145,0.0407855069817642,0,0,0,0,-0.029835617726543,0,-0.0119077001654172,0,0,0,0,0,0,0,0,0,0,0.0341884175977015,-0.00944191359782125,0,0,0,0.0760952649917615,0.0726853123597351,0,0,0,0,0,0,0,-0.0601917635969494,0.000409064774198595,0,0,0.0710687649904795,0.047303829650205,0,0.0666155762486413,-0.220014511002929,-0.0558090266528761,0,0,0,0,0,0,0,0,0,0,0,0,0,0,0.0346971928742441,0.020952386310359,0,0,-0.00268874768079372,0,-0.0315304094633853,0.0260834023319913,0,0,0.0319838950696822,1.10788427902086,0,0,0,0,0,0,0,0,0,0,0,0,0,-0.0841803933279832,0,0,0,0,0
0,0,0,-0.053690520506645,0,0.0336249244062197,0,0,0.116428166337155,-0.081679817945717,0,0,0,-0.139919235183702,0.0960461041724534,-0.0247900365756157,0,0,0,0,0,0,0,-0.0144913826992592,0,0,-0.0528158157385718,0,0,0,0,0,0,0.0866987339631257,-0.00924011241185879,0,0.039891077734433,0,0.0337778647358711,0,-0.0223782365344324,0,0,-0.0192903265644001,0,0,0,0,-0.134215098084041,0,0.125073965511043,0.0015330252040047,0.11139918200053,0,0,0,0,0,0,0,0,0,0,0,0,0,0,0,-0.1073499519985,0,0,0.0086988933588217,-0.00780009884075595,0,0,0,0,-0.149711134115459,0,0,0,1.18415569288062,0,0,0,0.0071026058872061,0,-0.0394548872518771,0,0,0,0.0449543461696582,0,0,-0.053651930579592,0,-0.0375926014936622,0,0.0446166092344396,0
-0.0448865251006236,0,0,0,-0.108291906767232,0,0,0.00477237937080614,0,0,0,0,-0.142999954601577,-0.0466082217861316,0,0,0.00443559160482225,-0.0637339287105899,0,0,0,-0.124043596237794,-0.0467545901059347,-0.00395487305274671,0,0.136956001170393,0.00129991303816572,0,0,0,0,0,0,0,0,0,0,0,0,0,-0.0159452067440933,0,-0.116463712008524,-0.0652445886798708,0,0,-0.168517408262365,0.00103204332368685,0,0,-0.0796025204445189,0.11953186190321,-0.00760310043209458,0.100051232168469,0,-0.0156742929432279,-0.0683221396878019,-0.0070624500584007,-0.104429939364958,0.0847069147484865,-0.112300961265016,-0.0602215886633465,0,0,0,-0.12848733192913,0,0,0,0,0,0,0,0,0,0,-0.0167537038600334,0,0,0,0,0,1.2463992886495,0,0.0393280807918661,-0.0716359983335991,-0.0392983284997257,0,0,-0.0284414330977873,-0.0038757875566685,0,0,0,0,0,0,0,0,0
0,0,0,0,0.074209537267548,0.0365599859192824,-0.0627400617369215,0,0,-0.030776077895289,0,0,-0.0699762725338471,0,0,0,0,0,0,0.0127777800775789,0,0.0512130537395598,0,0,-0.0501470647309245,0,0,0,0,0,0,0,-0.0252190275885247,0,-0.00598105014796396,0,0,-0.18330753726349,0.0456580383508991,0,-0.0826443904283226,0,0,-0.0102552605495858,0,0,-0.0529584719623905,-0.0360224192055588,0,0,0,0,0,0,0,0,0.071612930622483,0,0,-0.0327417355385308,0,-0.0820027742552571,0,0.0416126836158053,0.00509586908082526,0,0,-0.0371513646858193,0,-0.0588182321037828,0,0,0,0,-0.0865364753715423,0,0,0,0.0924936816317621,-0.13267940842388,0,0,0,1.16762121583734,0.0659928313037334,-0.0454617086729609,0.0492591624186525,0,-0.121946964685954,0,0,0,0,0,0,0.000489126566120268,0,-0.039239392236498,0,0
0,0,0,-0.0416205679460636,0,0,0,0,0,0,0,0,0,0,-0.0458454021532582,0,0,0,0.0162409806286041,0,-0.00971198468522718,0.0042783556435046,0,0,0,-0.196062951583866,0,0.110381224384813,0,0,0,-0.352923291017897,0,0,0,0,-0.0054525254285418,0.0327980707163403,-0.162815050413361,0.0541327421069734,0,-0.233235776994701,0,0.104591080685239,0,-0.0459108229464994,0,-0.198115631710391,0,-0.0312464270259412,-0.0675825365946711,0,0.0402328903129067,0,0.0617260555811963,0,0.118672901722835,-0.0366205651221149,-0.0120198871156766,0,0,0,0,0,0,0,-0.0238760905261481,0.074818573956685,0,0,0,-0.00471618787760574,-0.0610655258173572,-0.0078341675913417,-0.0503440253641387,-0.0557111528822308,-0.0211823557074905,0,0,0,0,0,0.0393280807918661,0.0659928313037334,1.45939581546775,0,0,0.214647146714298,-0.114713493714496,0.015585706124141,0.0456277037167402,0.020848809233658,-0.0409056673481255,0,0,-0.0699149536680633,0,0.0769480587462738,-0.0885620644405278,0.000739083676784133
0,0.0408924362173177,0,0,0,0,0,0,0,0,-0.0528149679067065,0,0,0,0,0,-0.0790137720597996,0.135974414937944,-0.0206335470076588,0,0,0,0,0,0,0,0,-0.00348101863754919,0,0.117228754814745,0.0115702525546134,0,0,0,-0.135166448612684,0,0,0,0,0,0,0,0,0,-0.117061518436978,-0.0693861455420615,0,0,0.0494005957358813,0,-0.0449045326720279,0,0,0,0.0311077128381734,0,0.0125797345174447,0,0,0.0147512283152599,0,-0.04844597279761,0.121049167576715,0.0916106588120579,0.221956629314414,0.0896991836410255,0.0905149690007197,0,0,0,0,0,-0.0119949291945127,0,0.0905244144894445,0,0,0.092143695589743,0.0205247489906344,0,0,0.0071026058872061,-0.0716359983335991,-0.0454617086729609,0,1.26307517802337,0,0.255194434273912,0,-0.0342711062002296,-0.00914297554795654,0,0,-0.0137628369792107,0.0917182994901415,0,-0.0423244519370885,0,0,0
0,0.0644703891030577,0,0,0,0,0,0.0298446928136413,-0.0636090820832156,-0.0441155711742644,0,-0.0304137733509017,0,-0.118246020543551,0,0,0,0,-0.0618565056460571,-0.109584778554036,0,0,0,0,0,0,0,-0.0338779483053603,0,0.0892035956252736,-0.00599991038069914,0,0.117745830985215,0.10600261743249,0,0,0,0.0404051578104015,0,-0.0795712075165735,0,0,-0.0786099625533961,0,0,0,0,0.0102037935727001,0,0.0313353532691913,-0.0827961266674861,0,-0.0472727647301101,0.0405986847055864,0,0.00961341399517654,0,0,-0.0596001812888405,-0.167766088304207,0,-0.0932367577019,0,-0.248298655149896,-0.136261417124014,0.0165327792453448,0,0,0,0,0.0367779838844669,0,0,0,0.0299435974041971,-0.0127251912434598,0,0,0,0,0,0,-0.0392983284997257,0.0492591624186525,0,0,1.32449605505397,0,0,0,0,0,0,0,0.100839990492144,0,0.0587984350462045,0.0758430063253685,0,-0.117224341064053
0,0,0,0,-0.024480759970528,0,-0.0844375763220192,0,0,-0.00554015214210407,0,0,0,0,0.135277407124384,-0.0173046368515666,0.0642871844093234,0,0,-0.0589834844572053,0,0,0,0,0,0.00264952107931555,0.0627250846727862,0.0523020922754621,0,0,0,0,0,-0.0601639899813275,0,0.0925877638606979,0,-0.12417665802207,0.174431716128471,0,0,0,0,-0.0202342604312522,-0.0120909500733495,0,0,-0.0151992855723793,0,-0.0838328539322605,0,0,0,0,0,0,0,0,0,-0.0460813341061001,0,0,0.0940451565756838,0,0,0,0,-0.0156449380048831,-0.0518547821402025,0,0,0.0309026421854001,0,0.0746114694734065,0.121788956458634,0,0,0,0,0.166268689358951,0,-0.0394548872518771,0,0,0.214647146714298,0.255194434273912,0,1.36346420671698,0,0,0,0,0.105052812644637,0,0,-0.0257202948687607,0.165089428654817,0,0,0
0,0,-0.0711184755895649,0,0,0,0,0,0,0,0,0,0.0267307824989298,0,0,0,0,0,0,0,0,0,0,0,0,0.0387251649532517,0.0348029191706294,0,0,0,0,0,0,0,-0.0466762157974788,0,0,0,-0.180032138627866,0,-0.0116378624762526,0,-0.0785958748898873,-0.0420413326810436,0,0.00302270606389777,0,-0.0448403204876922,0,-0.0761591236913545,0,0,0.0609563833747353,0,0,0,0,0.0247896467103736,0,0,0,0,-0.0314642181797346,0,0,0,0,0,0,-0.128919697271766,0,0,0,0,0,0,0,0,0,0,0,0,0,-0.121946964685954,-0.114713493714496,0,0,0,1.11467921603076,0,0,0,0,0.00623891541296797,0,0,0,0,0,0
-0.116405438043623,0,0,0,0,0,0,0.109478318834428,0,0,0,0,0.106549448299329,0.0955478868547973,0,0,0,0,-0.0611907451592423,0,0.0913283078885746,0,0,0,0,0.204250471864281,0,0,0.0199228856105963,0,-0.00949505787763953,0.0263167909833273,0,0,0,0,0,0,0.00857477175316352,0,0,0,0,0,0,0,0,0,0,-0.00551322209563158,0,0,0,0,0,0,0,0,0,0,0,0,0.0664490721866983,0,0.0265580433068421,0,0,0,0,0,0,0,0,0,0,0,0,0,0,0,0,0,-0.0284414330977873,0,0.015585706124141,-0.0342711062002296,0,0,0,1.11739388964266,0,0,0.00123785658414774,0,0,0.00631090535422711,-0.019841794671111,0,0,0
0,0,0,0,0,0,0.0135805138120683,0,-0.0295667849039002,0,-0.149096269493617,0,0,-0.026536668872011,0,0,-0.164187945735919,0,0,0,0,0,0,0,-0.0238198218151011,-0.119323306526204,0.00499281827266754,-0.00384036552574696,0,0.359117105662656,0,0,0.0474796399019575,0,0.215540735801772,0.0128581773947216,-0.0363920601374276,-0.061287211011448,-0.0471022820925435,0,0,0,-0.0404884714215253,0,0,0,0,0,0,0,-0.0701911835429904,0,0,0,-0.00625225975463098,0,0.0286843730289675,-0.232838715958875,-0.026585237020332,0,0,-0.0681449322770686,0.0153728663700071,0.0301375616221404,0,0,0.0423157883066349,0,0,0,-0.106056653491209,-0.00681778035395735,0.0622182495544739,0,0,0.0931827006002049,0,0,-0.0450328048526427,0,0,0,-0.0038757875566685,0,0.0456277037167402,-0.00914297554795654,0,0,0,0,1.34198503243935,0,0,-0.0285101567490042,0,0.0804462280196427,0,-0.0388935134062113,0,0
0,0,0,0.00988455712882695,0,0,0,0.00103323665117929,0,-0.156425282697942,0.157879896501467,0.0555092189957478,0,0,0.0246110067670934,0,0,-0.0520740562601276,0,-0.0108279772727317,0,0,-0.0143635983565707,0,0,0,-0.00459823257044577,0.0126575462536147,0,0,-0.0526558803270936,0,0,0,0,0,0.0936113636192031,0,0,0,0.0088414626177504,0,0,0,0.125037216992049,0,-0.00261429558405348,0,0.00854052670157952,0,0.0876409271398175,0,0,0,0,-0.0456072047116115,0,0,-0.0232395780316658,0.0700030219186105,0,0,0,0,0,0,0,0,-0.125208149459786,0,0,0.10173711660809,0.0566739121363165,0,0,0,0.0570204524410633,0.0141297060687651,-0.0433443405542727,0,0,0.0449543461696582,0,0,0.020848809233658,0,0,0,0,0,0,1.14974010010164,-0.104812974695186,0.0170936760389428,0.00215675093083361,0,0,-0.00158530960684119,0,-0.0132905883737084
0,0,-0.103613042460133,0,0.0245840350763905,0,0,0.121654237388076,0,0,0,0,-0.105543545183726,0,0,0,0,0,0,0,0,-0.0568471315689146,-0.00121066995226194,0,0,0,0,0,0,0.0724515129713695,0.040728283322099,0,0,0.0503323088740508,-0.0404606325538703,0,0,0,0,0,0,0,0,0,0,0,0,0,0,0,0,0,0,0,0.00956912831203652,0,0,0,0,0.0517623779466859,-0.0346057848741266,0,0,-0.0746884896941335,0,0.0736677531566657,0,0,0,0.0503044726111489,0,0.117060181311532,0,0,0,-0.0811806556788003,0.0429665645625386,0.102660667929447,-0.0204783195161388,-0.0949101926633914,0,0,0,0,-0.0409056673481255,0,0,0.105052812644637,0,0.00123785658414774,0,-0.104812974695186,1.16019148317985,0.0440256062489352,0,0,0,0,0,0
0,0,-0.0916458511090272,0,-0.040711777436339,0,0,0.12752155218167,0,0.0226679759905505,-0.220840848774497,0,0,0,0,0,0.0807210273068983,0,0,0,0,0,-0.0276268454719044,0,0,-0.144389422779609,0,-0.0188912606561523,-0.0152174823291426,0,0.00404444351582455,0,0,0,0,0,0,-0.000336578757130492,0,0,0.0525537564469424,0,0,0,0.0232103110955381,0,0,0,0,0,0,0,0,0.00228296465228337,0,0,0,-0.00414568029630004,0,-0.0149177487583499,0,0,0,0,0,0,0,0,0,0,-0.0386616585208974,0,0,0.0534507420904134,0,0,0,0.0706042148891727,0,0.0341718872117075,0,0,0,0,0,-0.0137628369792107,0,0,0.00623891541296797,0,-0.0285101567490042,0.0170936760389428,0.0440256062489352,1.11773125837686,0,0,0,0,-0.0139351808226404,0
0,0,0,-0.188367234175259,0,0,0,0,0.0189621695071603,0.119304512316263,0,-0.0894207390639958,0,0,0.0558133802899905,0,0,0,0,0,0,0,-0.00435230586553947,0,0,0,-0.0280317346555278,0.064546810363761,0,0,0,-0.0232669393167066,0,-0.148789998793144,0,0,0.127958553138528,0,0,0,0,-0.0290655692183688,0,0,-0.00204689594767856,0,0.131849037767163,0,0,-0.0208703778245382,0,0.0735006136163801,0.00353863084657972,-0.1470833261516,-0.158862130235638,0,0.042542623522549,0,-0.0996943986210992,0,0,0,0,0,0,0,-0.116095109200532,-0.0470320413966617,0,0,0,0,0.0996621096535921,0,0,0,0,0,0,0,-0.0841803933279832,-0.053651930579592,0,0,0,0.0917182994901415,0.100839990492144,0,0,0,0,0.00215675093083361,0,0,1.28289273638232,0,0,0,-1.29491829517294e-05,0.0213358289295787
0,0.00746266903545503,0,-0.0946893413341126,0,-0.0190023993790752,0,0,0,0,0,0,-0.119983370690763,-0.0354163478496866,-0.0704971718155582,0,-0.0769262271225874,0,0,0,0,0,0.158100500593733,0,0.00806262311281246,0,0.00610398904220842,0.120084335620612,0,-0.205153628609744,0,-0.0840071964832513,0.139497372534316,-0.138690328076468,-0.125194565681754,0.115193670101645,0,0,-0.046672296464816,0,0,0,-0.14819501358909,0,-0.221270686927913,-0.00497573817805389,0,0.0919072223531506,0,0,0,0,0.0157290217144696,0,0,0,-0.0110205882770419,-0.0829402389983026,0,0,0,0.0109705047372803,0,0,0,0,0,0,0,0,-0.00662809203104872,0,0,-0.0308295348427252,0,-0.0362174806955958,0,-0.148401037403103,0,-0.0815966441275754,0,0,0,0.000489126566120268,-0.0699149536680633,0,0,-0.0257202948687607,0,0.00631090535422711,0.0804462280196427,0,0,0,0,1.32800571806605,0,0,0,-0.0749032994181852
0,0,0.115799278254775,-0.00344918417391649,0,0,0,0,-0.0427857809099687,0,0,0,0,0,0,0,-0.186255963064686,0,0,0,0,-0.127422033942987,0,0,0,-0.0367976816010182,0,0,0.00807628508626996,0,0,0,0,0,0,-0.123930275615995,0.0683893345971406,0,0,0,0,0,0,-0.0999871971948064,0,0,0,0,0,0,0.032920358903311,0,0,0,0,-0.174063489263505,0,0,0,0,0,0,-0.056984342039372,0,0,-0.0303499457837081,0,0,0,0,0,0,-0.0680164972445386,-0.0640409445687505,0,0,0.182232303836032,0,0,-0.0807012221447052,0,-0.0375926014936622,0,0,0,-0.0423244519370885,0.0587984350462045,0.165089428654817,0,-0.019841794671111,0,0,0,0,0,0,1.25752871245888,-0.0261637309623552,0.0210439515636754,0.202045911698764
0,-0.0949747278894358,0,0,0.0966281826580112,0.0923230368611386,-0.147612095697138,0,0,0,0,0,0,0,0,0,0,0.00381094778415431,-0.0671630513747816,0,0,-0.00993365510260408,0,0,0,0,0,-0.0145319660447492,0,0,0,0.00412967854443245,0,0,0,0,0.0478102742679763,0,0,0,-0.0179957209496308,0,0,0,0,0,-0.013582901428996,0,0,0,0,0,0.00472411961598135,-0.0350257359589095,0,0,0,0.0309393255090435,0.00903316724542446,0,0.0999515248245321,-0.0443622682305315,0,0,0,0.0796784919570481,0,0,0,-0.0734971453596539,0,0,0,-0.0513331837363514,0,-0.0628231003486356,0,0,0,-0.0779789031013072,0,0,0,-0.039239392236498,0.0769480587462738,0,0.0758430063253685,0,0,0,-0.0388935134062113,-0.00158530960684119,0,0,0,0,-0.0261637309623552,1.13006961686442,0.10010131605013,0
0,0,0.0181850457125161,-0.0139677931671514,-0.0269516652854042,0,0,0,0,0,0,0,0.0558647909672323,0,0,0,0,0,0,0,0,0,0,0,0,0,0,0,-0.0302700492009942,0,0,0,0,0.0173617609817278,-0.166112598941173,0,-0.00921933486718852,0,-0.0372274491742462,0,0.0433728294110829,0,0,0.0315344181208128,0,-0.0626609595655941,0,0,0,0,0,-0.0171822249503079,0,0,0,-0.171532022618999,0,0,-0.015192635340592,0,0.0798069891425309,0,0,0,0,0.0238623291755514,-0.089353683063609,0,0,0,0,0,0,0,-0.0683090799890035,0,0,0.24752768238781,0,0,0,0.0446166092344396,0,0,-0.0885620644405278,0,0,0,0,0,0,0,0,-0.0139351808226404,-1.29491829517294e-05,0,0.0210439515636754,0.10010131605013,1.18624450037166,0
0,0,-0.0293186852387046,0,0,-0.0748985121649279,-0.0115654309835288,0.0282352012836158,-0.0292367715269523,0,0,0,0,0,0,0.0753241133344544,0,0.069420723780015,0,0,0.068259215574399,0,0.0283578964404296,0,0,0,-0.0397240400391623,-0.243043617507087,-0.0617797783585771,0,-0.0301319860258088,0.0333912467238538,0,0.0690570596003561,0.0806902459506574,0,0,-0.04028211181183,0.0512206269981558,0,0.0926361116840454,0,0,0,0,-0.0487794290898936,0,0,0.164512282249078,0,0.0155015301287989,0,-0.263688253814565,0,0,0,0,0.0327362008186731,0.0240071731787365,0,0,0,0,0,0,-0.10310516005204,0.0156667604566803,0,0,0,-0.026540767005974,0,0,0,0,-0.127253407451607,0,0.0657638007348193,0,-0.268622559684772,0,0,0,0,0.000739083676784133,0,-0.117224341064053,0,0,0,0,-0.0132905883737084,0,0,0.0213358289295787,-0.0749032994181852,0.202045911698764,0,0,1.40991027593006
